01,札幌市,さっぽろし,,
01,札幌市中央区,さっぽろしちゅうおうく,011,060-00 064-08 064-09
01,札幌市北区,さっぽろしきたく,011,001-00 001-09 002-08 002-80 060-08
01,札幌市東区,さっぽろしひがしく,011,007-00 007-08 060-09 065-00
01,札幌市白石区,さっぽろししろいしく,011,003-00 003-08
01,札幌市豊平区,さっぽろしとよひらく,011,062-00 062-09
01,札幌市南区,さっぽろしみなみく,011,005-00 005-08 061-22 061-23
01,札幌市西区,さっぽろしにしく,011,063-00 063-08
01,札幌市厚別区,さっぽろしあつべつく,011,004-00
01,札幌市手稲区,さっぽろしていねく,011,006-00 006-08
01,札幌市清田区,さっぽろしきよたく,011,004-00 004-08
01,函館市,はこだてし,0138,040-00 041-02 041-03 041-04 041-05 041-06 041-08 041-16 042-09
01,小樽市,おたるし,0134,047-00 047-01 047-02 048-25 048-26 061-32
01,旭川市,あさひかわし,0166,070-00 070-08 070-09 070-80 071-01 071-03 071-11 071-81 074-11 078-01 078-12 078-82 078-83 078-88 079-84
01,室蘭市,むろらんし,0143,050-00 051-00
01,釧路市,くしろし,0154 01547,084-09 085-00 085-02 085-04 085-08 088-01
01,帯広市,おびひろし,0155,080-00 080-08 080-21 080-23 080-24 089-11 089-12
01,北見市,きたみし,0157 0152,090-00 090-08 091-00 091-01 093-02 093-03 099-08 099-15 099-21 099-22
01,夕張市,ゆうばりし,0123,068-04 068-05 068-06 068-07
01,岩見沢市,いわみざわし,0126 01267,068-00 068-01 068-08 068-11 068-12 068-31 069-03 079-01
01,網走市,あばしりし,0152,093-00 093-01 093-02 099-24 099-31 099-35
01,留萌市,るもいし,0164,077-00 078-31
01,苫小牧市,とまこまいし,0144,053-00 053-08 059-12 059-13 066-02
01,稚内市,わっかないし,0162,097-00 098-45 098-63 098-65 098-66 098-67
01,美唄市,びばいし,0126,068-21 072-00 072-08 079-01 079-02
01,芦別市,あしべつし,0124,075-00 075-01 075-02 076-00 079-13
01,江別市,えべつし,011,067-00 069-08
01,赤平市,あかびらし,0125,079-11 079-12
01,紋別市,もんべつし,0158,094-00 099-51 099-53 099-61 099-62
01,士別市,しべつし,0165,095-00 095-01 095-03 095-04 098-04
01,名寄市,なよろし,01654 01655,096-00 098-05 098-06 098-21
01,三笠市,みかさし,01267,068-21
01,根室市,ねむろし,0153,086-00 087-00 087-01 088-17
01,千歳市,ちとせし,0123,066-00 066-02 069-11
01,滝川市,たきかわし,0125,073-00 079-04
01,砂川市,すながわし,0125,073-00 073-01 079-11
01,歌志内市,うたしないし,0125,073-04
01,深川市,ふかがわし,0164,074-00 074-01 074-11 074-12 078-01
01,富良野市,ふらのし,0167,076-00 076-01 076-02 079-15 079-21
01,登別市,のぼりべつし,0143,059-00 059-04 059-05
01,恵庭市,えにわし,0123,061-13 061-14
01,伊達市,だてし,0142,044-04 052-00 052-03 059-01 059-02
01,北広島市,きたひろしまし,011,061-11 061-12
01,石狩市,いしかりし,0133,061-31 061-32 061-33 061-34 061-35 061-36 077-03
01,北斗市,ほくとし,0138,041-12 049-01 049-02
01,石狩郡当別町,いしかりぐんとうべつちょう,0133,002-80 061-02 061-37
01,石狩郡新篠津村,いしかりぐんしんしのつむら,0126,068-11
01,松前郡松前町,まつまえぐんまつまえちょう,0139,049-15 049-16 049-17
01,松前郡福島町,まつまえぐんふくしまちょう,0139,049-13 049-14
01,上磯郡知内町,かみいそぐんしりうちちょう,01392,049-11 049-12
01,上磯郡木古内町,かみいそぐんきこないちょう,01392,049-04
01,亀田郡七飯町,かめだぐんななえちょう,0138,041-11 041-13
01,茅部郡鹿部町,かやべぐんしかべちょう,01372,041-14 049-22
01,茅部郡森町,かやべぐんもりまち,01374,049-21 049-22 049-23 049-24
01,二海郡八雲町,ふたみぐんやくもちょう,0137 01398,043-03 043-04 049-25 049-26 049-31 049-33
01,山越郡長万部町,やまこしぐんおしゃまんべちょう,01377,049-34 049-35 049-51
01,檜山郡江差町,ひやまぐんえさしちょう,0139,043-00
01,檜山郡上ノ国町,ひやまぐんかみのくにちょう,0139,049-05 049-06 049-07
01,檜山郡厚沢部町,ひやまぐんあっさぶちょう,0139,043-11 043-12 043-13
01,爾志郡乙部町,にしぐんおとべちょう,0139,043-01 043-02
01,奥尻郡奥尻町,おくしりぐんおくしりちょう,01397,043-14 043-15
01,瀬棚郡今金町,せたなぐんいまかねちょう,0137,049-41 049-43
01,久遠郡せたな町,くどうぐんせたなちょう,01398 0137,043-04 043-05 049-44 049-45 049-47 049-48
01,島牧郡島牧村,しままきぐんしままきむら,0136,048-06
01,寿都郡寿都町,すっつぐんすっつちょう,0136,048-03 048-04
01,寿都郡黒松内町,すっつぐんくろまつないちょう,0136,048-01
01,磯谷郡蘭越町,いそやぐんらんこしちょう,0136,048-03 048-12 048-13
01,虻田郡ニセコ町,あぶたぐんにせこちょう,0136,048-15
01,虻田郡真狩村,あぶたぐんまっかりむら,0136,048-16
01,虻田郡留寿都村,あぶたぐんるすつむら,0136,048-17
01,虻田郡喜茂別町,あぶたぐんきもべつちょう,0136,044-02 044-04
01,虻田郡京極町,あぶたぐんきょうごくちょう,0136,044-01
01,虻田郡倶知安町,あぶたぐんくっちゃんちょう,0136,044-00
01,岩内郡共和町,いわないぐんきょうわちょう,0135,045-00 045-01 048-21 048-22
01,岩内郡岩内町,いわないぐんいわないちょう,0135,045-00
01,古宇郡泊村,ふるうぐんとまりむら,0135,045-02
01,古宇郡神恵内村,ふるうぐんかもえないむら,0135,045-03
01,積丹郡積丹町,しゃこたんぐんしゃこたんちょう,0135,046-02 046-03
01,古平郡古平町,ふるびらぐんふるびらちょう,0135,046-01
01,余市郡仁木町,よいちぐんにきちょう,0135,048-23 048-24
01,余市郡余市町,よいちぐんよいちちょう,0135,046-00
01,余市郡赤井川村,よいちぐんあかいがわむら,0135,046-05
01,空知郡南幌町,そらちぐんなんぽろちょう,011,069-02
01,空知郡奈井江町,そらちぐんないえちょう,0125,079-03
01,空知郡上砂川町,そらちぐんかみすながわちょう,0125,073-02
01,夕張郡由仁町,ゆうばりぐんゆにちょう,0123,069-11 069-12
01,夕張郡長沼町,ゆうばりぐんながぬまちょう,0123,069-13 069-14
01,夕張郡栗山町,ゆうばりぐんくりやまちょう,0123,068-03 069-15
01,樺戸郡月形町,かばとぐんつきがたちょう,0126,061-05 068-12
01,樺戸郡浦臼町,かばとぐんうらうすちょう,0125,061-06
01,樺戸郡新十津川町,かばとぐんしんとつかわちょう,0125,073-01 073-11 073-13 078-26
01,雨竜郡妹背牛町,うりゅうぐんもせうしちょう,0164,079-05
01,雨竜郡秩父別町,うりゅうぐんちっぷべつちょう,0164,078-21
01,雨竜郡雨竜町,うりゅうぐんうりゅうちょう,0125,078-25 078-26
01,雨竜郡北竜町,うりゅうぐんほくりゅうちょう,0164,078-25
01,雨竜郡沼田町,うりゅうぐんぬまたちょう,0164,078-22
01,上川郡鷹栖町,かみかわぐんたかすちょう,0166,071-12
01,上川郡東神楽町,かみかわぐんひがしかぐらちょう,0166,071-03 071-15
01,上川郡当麻町,かみかわぐんとうまちょう,0166,078-13
01,上川郡比布町,かみかわぐんぴっぷちょう,0166,078-03
01,上川郡愛別町,かみかわぐんあいべつちょう,01658,078-14 078-16
01,上川郡上川町,かみかわぐんかみかわちょう,01658,078-17
01,上川郡東川町,かみかわぐんひがしかわちょう,0166,071-03 071-14
01,上川郡美瑛町,かみかわぐんびえいちょう,0166,071-01 071-02 071-03 071-04
01,空知郡上富良野町,そらちぐんかみふらのちょう,0167,071-04 071-05
01,空知郡中富良野町,そらちぐんなかふらのちょう,0167,071-07
01,空知郡南富良野町,そらちぐんみなみふらのちょう,0167,079-21 079-24 079-25
01,勇払郡占冠村,ゆうふつぐんしむかっぷむら,0167,079-22
01,上川郡和寒町,かみかわぐんわっさむちょう,0165,098-01
01,上川郡剣淵町,かみかわぐんけんぶちちょう,0165,098-03
01,上川郡下川町,かみかわぐんしもかわちょう,01655,098-12 098-13
01,中川郡美深町,なかがわぐんびふかちょう,01656,098-22 098-23
01,中川郡音威子府村,なかがわぐんおといねっぷむら,01656,098-25
01,中川郡中川町,なかがわぐんなかがわちょう,01656,098-26 098-28
01,雨竜郡幌加内町（ＪＩＳコード変更　01439 ⇒ 01472）,うりゅうぐんほろかないちょう,0165,074-04 074-07
01,増毛郡増毛町,ましけぐんましけちょう,0164,077-01 077-02 077-03
01,留萌郡小平町,るもいぐんおびらちょう,0164,077-04 078-33 078-34
01,苫前郡苫前町,とままえぐんとままえちょう,0164,078-35 078-36 078-37
01,苫前郡羽幌町,とままえぐんはぼろちょう,0164 01648,078-38 078-39 078-41
01,苫前郡初山別村,とままえぐんしょさんべつむら,0164,078-44
01,天塩郡遠別町,てしおぐんえんべつちょう,01632,098-33 098-35
01,天塩郡天塩町,てしおぐんてしおちょう,01632,098-29 098-31 098-33
01,宗谷郡猿払村,そうやぐんさるふつむら,01635,098-61 098-62 098-63
01,枝幸郡浜頓別町,えさしぐんはまとんべつちょう,01634,098-57
01,枝幸郡中頓別町,えさしぐんなかとんべつちょう,01634,098-51 098-55
01,枝幸郡枝幸町,えさしぐんえさしちょう,0163,098-51 098-52 098-54 098-58 098-59
01,天塩郡豊富町,てしおぐんとよとみちょう,0162,098-41 098-44
01,礼文郡礼文町,れぶんぐんれぶんちょう,0163,097-11 097-12
01,利尻郡利尻町,りしりぐんりしりちょう,0163,097-03 097-04
01,利尻郡利尻富士町,りしりぐんりしりふじちょう,0163,097-01 097-02
01,天塩郡幌延町（ＪＩＳコード変更　01488 ⇒ 01520）,てしおぐんほろのべちょう,01632,098-29 098-31 098-32
01,網走郡美幌町,あばしりぐんびほろちょう,0152,092-00 092-01
01,網走郡津別町,あばしりぐんつべつちょう,0152,092-02 092-03
01,斜里郡斜里町,しゃりぐんしゃりちょう,0152,099-41 099-43
01,斜里郡清里町,しゃりぐんきよさとちょう,0152,099-44 099-45
01,斜里郡小清水町,しゃりぐんこしみずちょう,0152,099-34 099-36
01,常呂郡訓子府町,ところぐんくんねっぷちょう,0157,099-14
01,常呂郡置戸町,ところぐんおけとちょう,0157,099-11 099-12 099-13
01,常呂郡佐呂間町,ところぐんさろまちょう,01587,091-04 091-05 093-04 093-05 093-06
01,紋別郡遠軽町,もんべつぐんえんがるちょう,0158,099-01 099-02 099-03 099-04 099-06 099-07
01,紋別郡湧別町,もんべつぐんゆうべつちょう,01586,093-06 093-07 099-62 099-63 099-64 099-65
01,紋別郡滝上町,もんべつぐんたきのうえちょう,0158,099-55 099-56
01,紋別郡興部町,もんべつぐんおこっぺちょう,0158,098-16 098-19
01,紋別郡西興部村,もんべつぐんにしおこっぺむら,0158,098-14 098-15
01,紋別郡雄武町,もんべつぐんおうむちょう,0158,098-17 098-18
01,網走郡大空町,あばしりぐんおおぞらちょう,0152,099-23 099-32
01,虻田郡豊浦町,あぶたぐんとようらちょう,0142,049-53 049-54
01,有珠郡壮瞥町,うすぐんそうべつちょう,0142,049-57 052-01
01,白老郡白老町,しらおいぐんしらおいちょう,0144,059-06 059-09
01,勇払郡厚真町,ゆうふつぐんあつまちょう,0145,059-16 059-17
01,虻田郡洞爺湖町,あぶたぐんとうやこちょう,0142,049-56 049-57 049-58
01,勇払郡安平町,ゆうふつぐんあびらちょう,0145,059-14 059-15 059-19
01,勇払郡むかわ町,ゆうふつぐんむかわちょう,0145,054-00 054-01 054-02 054-03
01,沙流郡日高町,さるぐんひだかちょう,01457 01456,055-00 059-21 059-22 059-23 079-23
01,沙流郡平取町,さるぐんびらとりちょう,01457,055-01 055-03 055-04
01,新冠郡新冠町,にいかっぷぐんにいかっぷちょう,0146 01456,059-22 059-23 059-24
01,浦河郡浦河町,うらかわぐんうらかわちょう,0146,057-00 057-01 058-00 059-34
01,様似郡様似町,さまにぐんさまにちょう,0146,058-00
01,幌泉郡えりも町,ほろいずみぐんえりもちょう,01466,058-02 058-03 058-04
01,日高郡新ひだか町,ひだかぐんしんひだかちょう,0146,056-00 056-01 059-25 059-31 059-32 059-33
01,河東郡音更町,かとうぐんおとふけちょう,0155,080-01 080-02 080-03 080-05
01,河東郡士幌町,かとうぐんしほろちょう,01564,080-11 080-12
01,河東郡上士幌町,かとうぐんかみしほろちょう,01564,080-14
01,河東郡鹿追町,かとうぐんしかおいちょう,0156,081-02 081-03
01,上川郡新得町,かみかわぐんしんとくちょう,0156,081-00 081-01
01,上川郡清水町,かみかわぐんしみずちょう,0156,089-01 089-02 089-03
01,河西郡芽室町,かさいぐんめむろちょう,0155,082-00 082-03
01,河西郡中札内村,かさいぐんなかさつないむら,0155,089-13
01,河西郡更別村,かさいぐんさらべつむら,0155,089-15
01,広尾郡大樹町,ひろおぐんたいきちょう,01558,089-18 089-21 089-22
01,広尾郡広尾町,ひろおぐんひろおちょう,01558,089-24 089-25 089-26 089-27
01,中川郡幕別町,なかがわぐんまくべつちょう,0155 01558,089-05 089-06 089-07 089-17 089-18
01,中川郡池田町,なかがわぐんいけだちょう,015,083-00 089-31
01,中川郡豊頃町,なかがわぐんとよころちょう,015,089-52 089-53 089-54
01,中川郡本別町,なかがわぐんほんべつちょう,0156,089-32 089-33 089-34 089-36 089-37
01,足寄郡足寄町,あしょろぐんあしょろちょう,0156,089-37 089-38 089-39 089-41 089-42
01,足寄郡陸別町,あしょろぐんりくべつちょう,0156,089-42 089-43
01,十勝郡浦幌町,とかちぐんうらほろちょう,015,088-01 089-35 089-55 089-56 089-58
01,釧路郡釧路町,くしろぐんくしろちょう,0154,085-22 088-06 088-08 088-21
01,厚岸郡厚岸町,あっけしぐんあっけしちょう,0153,088-07 088-08 088-11 088-13
01,厚岸郡浜中町,あっけしぐんはまなかちょう,0153,086-00 088-13 088-14 088-15 088-16
01,川上郡標茶町,かわかみぐんしべちゃちょう,015,085-13 088-22 088-23 088-24 088-31
01,川上郡弟子屈町,かわかみぐんてしかがちょう,015,088-31 088-32 088-33 088-34
01,阿寒郡鶴居村,あかんぐんつるいむら,0154,085-11 085-12 085-13
01,白糠郡白糠町,しらぬかぐんしらぬかちょう,01547,088-03 088-05
01,野付郡別海町,のつけぐんべつかいちょう,0153,086-01 086-02 086-03 086-05 086-06 086-16 088-25 088-26 088-27
01,標津郡中標津町,しべつぐんなかしべつちょう,0153,086-10 086-11 086-12 088-26
01,標津郡標津町,しべつぐんしべつちょう,0153,086-14 086-16 086-17
01,目梨郡羅臼町,めなしぐんらうすちょう,0153,086-17 086-18
02,青森市,あおもりし,017 0172,030-01 030-08 030-09 030-12 038-00 038-13 039-35
02,弘前市,ひろさきし,0172,036-00 036-12 036-13 036-14 036-15 036-80 036-81 036-82 036-83 038-36 038-38
02,八戸市,はちのへし,0178,031-00 031-01 031-02 031-08 039-11 039-22
02,黒石市,くろいしし,0172,036-03 036-04 036-05
02,五所川原市,ごしょがわらし,0173,037-00 037-02 037-04 037-06
02,十和田市,とわだし,0176,018-55 034-00 034-01 034-02 034-03
02,三沢市,みさわし,0176,033-00 033-01
02,むつ市,むつし,0175,035-00 039-44 039-47 039-52 039-53
02,つがる市,つがるし,0173,037-01 038-28 038-31 038-32 038-33
02,平川市,ひらかわし,0172,036-01 036-02 038-01
02,東津軽郡平内町,ひがしつがるぐんひらないまち,017,039-33
02,東津軽郡今別町,ひがしつがるぐんいまべつまち,0174,030-15
02,東津軽郡蓬田村,ひがしつがるぐんよもぎたむら,0174,030-12
02,東津軽郡外ヶ浜町,ひがしつがるぐんそとがはままち,0174,030-13 030-14 030-17
02,西津軽郡鰺ヶ沢町,にしつがるぐんあじがさわまち,0173,038-27
02,西津軽郡深浦町,にしつがるぐんふかうらまち,0173,038-22 038-23 038-24 038-25
02,中津軽郡西目屋村,なかつがるぐんにしめやむら,0172,036-14
02,南津軽郡藤崎町,みなみつがるぐんふじさきまち,0172,038-12 038-38
02,南津軽郡大鰐町,みなみつがるぐんおおわにまち,0172,038-02
02,南津軽郡田舎館村,みなみつがるぐんいなかだてむら,0172,038-11
02,北津軽郡板柳町,きたつがるぐんいたやなぎまち,0172,038-36
02,北津軽郡鶴田町,きたつがるぐんつるたまち,0173,038-35
02,北津軽郡中泊町,きたつがるぐんなかどまりまち,0173,030-17 037-03 037-05
02,上北郡野辺地町,かみきたぐんのへじまち,0175,039-31
02,上北郡七戸町,かみきたぐんしちのへまち,0176,039-25 039-27 039-28
02,上北郡六戸町,かみきたぐんろくのへまち,0176,033-00 039-23
02,上北郡横浜町,かみきたぐんよこはままち,0175,039-41
02,上北郡東北町,かみきたぐんとうほくまち,0175 0176,039-24 039-26
02,上北郡六ヶ所村,かみきたぐんろっかしょむら,0175,039-32 039-43
02,上北郡おいらせ町,かみきたぐんおいらせちょう,0178,039-21 039-22
02,下北郡大間町,しもきたぐんおおままち,0175,039-46
02,下北郡東通村,しもきたぐんひがしどおりむら,0175,035-00 035-01 039-42
02,下北郡風間浦村,しもきたぐんかざまうらむら,0175,039-45
02,下北郡佐井村,しもきたぐんさいむら,0175,039-47
02,三戸郡三戸町,さんのへぐんさんのへまち,0179,039-01 039-04
02,三戸郡五戸町,さんのへぐんごのへまち,0178,039-15 039-17 039-23
02,三戸郡田子町,さんのへぐんたっこまち,0179,039-02 039-03
02,三戸郡南部町,さんのへぐんなんぶちょう,0178 0179,039-01 039-05 039-06 039-08
02,三戸郡階上町,さんのへぐんはしかみちょう,0178,039-12
02,三戸郡新郷村,さんのへぐんしんごうむら,0178,039-18
03,盛岡市,もりおかし,019,020-00 020-01 020-02 020-03 020-04 020-08 028-27 028-41
03,宮古市,みやこし,0193,027-00 027-01 027-02 027-03 028-21 028-23 028-24 025-25 028-26
03,大船渡市,おおふなとし,0192,022-00 022-01 022-02
03,花巻市,はなまきし,0198,025-00 025-01 025-02 025-03 028-01 028-31 028-32
03,北上市,きたかみし,0197,024-00 024-01 024-02 024-03
03,久慈市,くじし,0194,028-00 028-78 028-81 028-85 028-86 028-87
03,遠野市,とおのし,0198,028-03 028-04 028-05 028-06 028-07
03,一関市,いちのせきし,0191,021-00 021-01 021-02 021-08 021-09 029-01 029-02 029-03 029-04 029-05 029-06 029-07 029-08 029-11 029-12 029-31 029-32
03,陸前高田市,りくぜんたかたし,0192,029-22
03,釜石市,かまいしし,0193,026-00 026-01 026-03 026-04
03,二戸市,にのへし,0195,028-57 028-61 028-67 028-68 028-69
03,八幡平市,はちまんたいし,0195,028-71 028-73 028-74 028-75 028-76
03,奥州市,おうしゅうし,0197,023-00 023-01 023-04 023-08 023-11 023-13 023-15 023-17 029-42 029-43 029-44
03,岩手郡雫石町,いわてぐんしずくいしちょう,019,020-05
03,岩手郡葛巻町,いわてぐんくずまきまち,0195,028-51 028-54
03,岩手郡岩手町,いわてぐんいわてまち,0195,028-42 028-43 028-44
03,岩手郡滝沢村,いわてぐんたきざわむら,019,020-01
03,紫波郡紫波町,しわぐんしわちょう,019,028-33 028-34 028-35
03,紫波郡矢巾町,しわぐんやはばちょう,019,020-08 028-36
03,和賀郡西和賀町,わがぐんにしわがまち,0197,024-03 029-55 029-56 029-57
03,胆沢郡金ケ崎町,いさわぐんかねがさきちょう,0197,029-45
03,西磐井郡平泉町,にしいわいぐんひらいずみちょう,0191,029-41
03,気仙郡住田町,けせんぐんすみたちょう,0192,029-23 029-25
03,上閉伊郡大槌町,かみへいぐんおおつちちょう,0193,028-11
03,下閉伊郡山田町,しもへいぐんやまだまち,0193,028-13
03,下閉伊郡岩泉町,しもへいぐんいわいずみちょう,0194,027-04 027-05 027-06 028-22 028-56
03,下閉伊郡田野畑村,しもへいぐんたのはたむら,0194,028-84
03,下閉伊郡普代村,しもへいぐんふだいむら,0194,028-83
03,九戸郡軽米町,くのへぐんかるまいまち,0195,028-62 028-63 028-64
03,九戸郡野田村,くのへぐんのだむら,0194,028-82
03,九戸郡九戸村,くのへぐんくのへむら,0195,028-65 028-66
03,九戸郡洋野町,くのへぐんひろのちょう,0194,028-79 028-88
03,二戸郡一戸町,にのへぐんいちのへまち,0195,028-51 028-52 028-53
04,仙台市,せんだいし,,
04,仙台市青葉区,せんだいしあおばく,022,980-00 980-08 980-60 980-61 981-09 982-02 989-31 989-32 989-34
04,仙台市宮城野区,せんだいしみやぎのく,022,983-00 983-08 985-09
04,仙台市若林区,せんだいしわかばやしく,022,984-00 984-08
04,仙台市太白区,せんだいしたいはくく,022,981-11 982-00 982-02 982-08
04,仙台市泉区,せんだいしいずみく,022,981-31 981-32 981-80
04,石巻市,いしのまきし,0225,986-00 986-01 986-02 986-03 986-08 986-11 986-13 986-21 986-23 986-24 986-25 987-11 987-12
04,塩竈市,しおがまし,022,985-00 985-01
04,気仙沼市,けせんぬまし,0226,988-00 988-01 988-02 988-03 988-05 988-06 988-08 988-09
04,白石市,しろいしし,0224,989-01 989-02 989-07 989-11
04,名取市,なとりし,022 0223,981-12 989-24
04,角田市,かくだし,0224,981-15
04,多賀城市,たがじょうし,022,985-00 985-08
04,岩沼市,いわぬまし,0223,989-24
04,登米市,とめし,0220 0225 0228,986-04 987-03 987-04 987-05 987-06 987-07 987-09 989-46 989-47
04,栗原市,くりはらし,0228,987-20 987-21 987-22 987-23 987-25 989-45 989-48 989-51 989-53 989-54 989-55 989-56 989-67
04,東松島市,ひがしまつしまし,0225,981-03 981-04 981-05
04,大崎市,おおさきし,0229,987-13 989-41 989-43 989-44 989-61 989-62 989-63 989-64 989-67 989-68 989-69
04,刈田郡蔵王町,かったぐんざおうまち,0224,989-07 989-08 989-09
04,刈田郡七ケ宿町,かったぐんしちかしゅくまち,0224,989-05 989-06
04,柴田郡大河原町,しばたぐんおおがわらまち,0224,989-12
04,柴田郡村田町,しばたぐんむらたまち,0224,989-13 989-15
04,柴田郡柴田町,しばたぐんしばたまち,0224,989-16 989-17
04,柴田郡川崎町,しばたぐんかわさきまち,0224,989-09 989-15
04,伊具郡丸森町,いぐぐんまるもりまち,0224,981-21 981-22 981-23 981-24 981-25
04,亘理郡亘理町,わたりぐんわたりちょう,0223,989-23
04,亘理郡山元町,わたりぐんやまもとちょう,0223,989-21 989-22
04,宮城郡松島町,みやぎぐんまつしままち,022,981-02
04,宮城郡七ヶ浜町,みやぎぐんしちがはままち,022,985-00 985-08
04,宮城郡利府町,みやぎぐんりふちょう,022,981-01
04,黒川郡大和町,くろかわぐんたいわちょう,022,981-32 981-34 981-36
04,黒川郡大郷町,くろかわぐんおおさとちょう,022,981-35
04,黒川郡富谷町,くろかわぐんとみやまち,022,981-33
04,黒川郡大衡村,くろかわぐんおおひらむら,022,981-36
04,加美郡色麻町,かみぐんしかまちょう,0229,981-41
04,加美郡加美町,かみぐんかみまち,0229,981-42 981-43 981-44
04,遠田郡涌谷町,とおだぐんわくやちょう,0229,987-01 987-02
04,遠田郡美里町,とおだぐんみさとまち,0229,987-00 989-42
04,牡鹿郡女川町,おしかぐんおながわちょう,0225,986-22
04,本吉郡南三陸町,もとよしぐんみなみさんりくちょう,0226,986-07 988-04
05,秋田市,あきたし,018,010-00 010-01 010-08 010-09 010-11 010-12 010-13 010-14 010-15 010-16 011-09 019-26 019-27
05,能代市,のしろし,0185,016-00 016-01 016-08 018-28 018-31
05,横手市,よこてし,0182,013-00 013-01 013-02 013-03 013-04 013-05 013-08 019-05 019-07 019-11
05,大館市,おおだてし,0186,017-00 017-08 018-35 018-56 018-57 018-58
05,男鹿市,おがし,0185,010-03 010-04 010-05 010-06
05,湯沢市,ゆざわし,0183,012-00 012-01 012-08 019-01 019-02 019-03 019-04
05,鹿角市,かづのし,0186,018-51 018-52 018-53 018-54
05,由利本荘市,ゆりほんじょうし,0184,015-00 015-02 015-03 015-04 015-05 015-07 015-08 018-06 018-07 018-08 018-09 018-12 018-13
05,潟上市,かたがみし,018,010-01 010-02 018-14 018-15
05,大仙市,だいせんし,0187 018,014-00 014-01 014-02 014-07 014-08 014-14 019-16 019-17 019-18 019-19 019-21 019-22 019-23 019-24 019-25
05,北秋田市,きたあきたし,0186,018-33 018-34 018-42 018-43 018-45 018-46 018-47
05,にかほ市,にかほし,0184,018-01 018-03 018-04
05,仙北市,せんぼくし,0187,014-03 014-05 014-06 014-11 014-12
05,鹿角郡小坂町,かづのぐんこさかまち,0186 0176,017-02 018-55
05,北秋田郡上小阿仁村,きたあきたぐんかみこあにむら,0186,018-44
05,山本郡藤里町,やまもとぐんふじさとまち,0185,018-32
05,山本郡三種町,やまもとぐんみたねちょう,0185,018-21 018-23 018-24
05,山本郡八峰町,やまもとぐんはっぽうちょう,0185,018-25 018-26
05,南秋田郡五城目町,みなみあきたぐんごじょうめまち,018,018-17 018-18
05,南秋田郡八郎潟町,みなみあきたぐんはちろうがたまち,018,018-16
05,南秋田郡井川町,みなみあきたぐんいかわまち,018,018-15
05,南秋田郡大潟村,みなみあきたぐんおおがたむら,0185,010-04
05,仙北郡美郷町,せんぼくぐんみさとちょう,0187 0182,019-12 019-13 019-14 019-15
05,雄勝郡羽後町,おがちぐんうごまち,0183,012-11 012-12 012-13
05,雄勝郡東成瀬村,おがちぐんひがしなるせむら,0182,019-08
06,山形市,やまがたし,023,990-00 990-08 990-21 990-22 990-23 990-24 999-33
06,米沢市,よねざわし,0238,992-00 992-01 992-11 992-12 992-13 992-14 992-15
06,鶴岡市,つるおかし,0235,997-00 997-01 997-02 997-03 997-04 997-05 997-06 997-07 997-08 997-11 997-12 999-66 999-71 999-72 999-73 999-74 999-75 999-76
06,酒田市,さかたし,0234,998-00 998-01 998-02 998-08 999-67 999-68 999-77 999-81 999-82 999-84
06,新庄市,しんじょうし,0233,996-00 996-01 999-51
06,寒河江市,さがえし,0237,990-05 991-00
06,上山市,かみのやまし,023,999-31 999-32
06,村山市,むらやまし,0237,995-00 995-01 995-02
06,長井市,ながいし,0238,993-00
06,天童市,てんどうし,023,994-00 994-01
06,東根市,ひがしねし,0237,999-37
06,尾花沢市,おばなざわし,0237,999-42 999-43 999-44 999-45
06,南陽市,なんようし,0238,992-04 992-05 999-22
06,東村山郡山辺町,ひがしむらやまぐんやまのべまち,023,990-03
06,東村山郡中山町,ひがしむらやまぐんなかやままち,023,990-04
06,西村山郡河北町,にしむらやまぐんかほくちょう,0237,999-35
06,西村山郡西川町,にしむらやまぐんにしかわまち,0237,990-07
06,西村山郡朝日町,にしむらやまぐんあさひまち,0237,990-13 990-14 990-15
06,西村山郡大江町,にしむらやまぐんおおえまち,0237,990-11 990-12 991-08
06,北村山郡大石田町,きたむらやまぐんおおいしだまち,0237,999-41 999-45
06,最上郡金山町,もがみぐんかねやままち,0233,999-54
06,最上郡最上町,もがみぐんもがみまち,0233,999-61 999-62
06,最上郡舟形町,もがみぐんふながたまち,0233,999-46
06,最上郡真室川町,もがみぐんまむろがわまち,0233,999-53 999-55 999-56
06,最上郡大蔵村,もがみぐんおおくらむら,0233,996-02 996-03
06,最上郡鮭川村,もがみぐんさけがわむら,0233,999-52
06,最上郡戸沢村,もがみぐんとざわむら,0233,999-63 999-64 999-68
06,東置賜郡高畠町,ひがしおきたまぐんたかはたまち,0238,992-02 992-03 999-21
06,東置賜郡川西町,ひがしおきたまぐんかわにしまち,0238,992-06 999-01 999-02 999-03
06,西置賜郡小国町,にしおきたまぐんおぐにまち,0238,999-12 999-13 999-14 999-15
06,西置賜郡白鷹町,にしおきたまぐんしらたかまち,0238,992-07 992-08
06,西置賜郡飯豊町,にしおきたまぐんいいでまち,0238,999-04 999-06 999-11
06,東田川郡三川町,ひがしたがわぐんみかわまち,0235,997-13
06,東田川郡庄内町,ひがしたがわぐんしょうないまち,0234,999-66 999-77
06,飽海郡遊佐町,あくみぐんゆざまち,0234,999-83 999-84 999-85
07,福島市,ふくしまし,024 0243,960-00 960-01 960-02 960-08 960-11 960-12 960-13 960-21 960-22 960-80 960-81 960-82
07,会津若松市,あいづわかまつし,0242,965-00 965-01 965-02 965-08 969-34 969-51 969-60 969-61
07,郡山市,こおりやまし,024,963-00 963-01 963-02 963-05 963-06 963-07 963-08 963-09 963-11 963-12 963-13 963-14 963-15 963-16 963-80 963-88
07,いわき市,いわきし,0246,970-00 970-01 970-02 970-03 970-11 970-12 970-13 970-80 971-81 972-01 972-02 972-83 973-84 974-01 974-02 974-82 979-01 979-02 979-03 979-31 979-32
07,白河市,しらかわし,0248,961-00 961-03 961-04 961-08 961-09 961-80 969-03
07,須賀川市,すかがわし,0248,962-00 962-01 962-02 962-03 962-04 962-07 962-08
07,喜多方市,きたかたし,0241 0242,966-00 966-01 966-08 966-09 969-35 969-41 969-43
07,相馬市,そうまし,0244,976-00 976-01 979-25
07,二本松市,にほんまつし,0243,964-00 964-01 964-02 964-03 964-04 964-08 964-09 969-14 969-15
07,田村市,たむらし,0247,963-36 963-41 963-42 963-43 963-44 963-45 963-46 963-47
07,南相馬市,みなみそうまし,0244,975-00 979-21 979-23 979-24
07,伊達市,だてし,024,960-04 960-05 960-06 960-07 960-08 960-09
07,本宮市,もとみやし,0243,969-11 969-12
07,伊達郡桑折町,だてぐんこおりまち,024,969-16
07,伊達郡国見町,だてぐんくにみまち,024,969-17
07,伊達郡川俣町,だてぐんかわまたまち,024,960-14 960-15
07,安達郡大玉村,あだちぐんおおたまむら,0243,964-00 969-13
07,岩瀬郡鏡石町,いわせぐんかがみいしまち,0248,969-04
07,岩瀬郡天栄村,いわせぐんてんえいむら,0248,962-05 962-06
07,南会津郡下郷町,みなみあいづぐんしもごうまち,0241,969-52 969-53
07,南会津郡檜枝岐村,みなみあいづぐんひのえまたむら,0241,967-05
07,南会津郡只見町,みなみあいづぐんただみまち,0241,968-04 968-06
07,南会津郡南会津町,みなみあいづぐんみなみあいづまち,0241,967-00 967-03 967-05 967-06
07,耶麻郡北塩原村,やまぐんきたしおばらむら,0241,966-04 966-05 969-27
07,耶麻郡西会津町,やまぐんにしあいづまち,0241,969-44 969-45 969-46 969-47
07,耶麻郡磐梯町,やまぐんばんだいまち,0242,969-33
07,耶麻郡猪苗代町,やまぐんいなわしろまち,0242,969-22 969-26 969-27 969-31 969-32
07,河沼郡会津坂下町,かわぬまぐんあいづばんげまち,0242,969-65
07,河沼郡湯川村,かわぬまぐんゆがわむら,0241,969-35
07,河沼郡柳津町,かわぬまぐんやないづまち,0241,969-72 969-73
07,大沼郡三島町,おおぬまぐんみしままち,0241,969-74 969-75
07,大沼郡金山町,おおぬまぐんかねやままち,0241,968-00 968-03
07,大沼郡昭和村,おおぬまぐんしょうわむら,0241,968-01 968-02
07,大沼郡会津美里町,おおぬまぐんあいづみさとまち,0242,969-60 969-61 969-62 969-63 969-64
07,西白河郡西郷村,にししらかわぐんにしごうむら,0248,961-00 961-80
07,西白河郡泉崎村,にししらかわぐんいずみざきむら,0248,969-01
07,西白河郡中島村,にししらかわぐんなかじまむら,0248,961-01
07,西白河郡矢吹町,にししらかわぐんやぶきまち,0248,969-02
07,東白川郡棚倉町,ひがししらかわぐんたなぐらまち,0247,963-56 963-61
07,東白川郡矢祭町,ひがししらかわぐんやまつりまち,0247,963-51 963-52 963-53
07,東白川郡塙町,ひがししらかわぐんはなわまち,0247,963-53 963-54 963-55
07,東白川郡鮫川村,ひがししらかわぐんさめがわむら,0247,963-55 963-84
07,石川郡石川町,いしかわぐんいしかわまち,0247,963-78
07,石川郡玉川村,いしかわぐんたまかわむら,0247,963-63
07,石川郡平田村,いしかわぐんひらたむら,0247,963-81 963-82
07,石川郡浅川町,いしかわぐんあさかわまち,0247,963-62
07,石川郡古殿町,いしかわぐんふるどのまち,0247,963-83
07,田村郡三春町,たむらぐんみはるまち,0247 024,963-77
07,田村郡小野町,たむらぐんおのまち,0247,963-33 963-34 963-35
07,双葉郡広野町,ふたばぐんひろのまち,0240,979-04
07,双葉郡楢葉町,ふたばぐんならはまち,0240,979-05 979-06
07,双葉郡富岡町,ふたばぐんとみおかまち,0240,979-06 979-11
07,双葉郡川内村,ふたばぐんかわうちむら,0240,979-12
07,双葉郡大熊町,ふたばぐんおおくままち,0240,979-13
07,双葉郡双葉町,ふたばぐんふたばまち,0240,979-14
07,双葉郡浪江町,ふたばぐんなみえまち,0240,979-15 979-17
07,双葉郡葛尾村,ふたばぐんかつらおむら,0240,979-16
07,相馬郡新地町,そうまぐんしんちまち,0244,979-26 979-27
07,相馬郡飯舘村,そうまぐんいいたてむら,0244,960-16 960-17 960-18
08,水戸市,みとし,029,310-00 310-08 310-09 311-11 311-41 311-42 319-03
08,日立市,ひたちし,0294,311-04 316-00 317-00 319-12 319-13 319-14
08,土浦市,つちうらし,029,300-00 300-08 300-41
08,古河市,こがし,0280,306-00 306-01 306-02
08,石岡市,いしおかし,0299,315-00 315-01
08,結城市,ゆうきし,0296,307-00
08,龍ケ崎市,りゅうがさきし,0297,301-00 301-08
08,下妻市,しもつまし,0296,304-00 304-08
08,常総市,じょうそうし,0297,300-25 300-27 303-00
08,常陸太田市,ひたちおおたし,0294,311-03 311-05 313-00 313-01 313-02 313-03
08,高萩市,たかはぎし,0293,318-00 318-01
08,北茨城市,きたいばらきし,0293,319-15 319-17
08,笠間市,かさまし,0296 0299,309-16 309-17 319-02
08,取手市,とりでし,0297,300-15 302-00
08,牛久市,うしくし,029,300-12
08,つくば市,つくばし,029,300-12 300-26 300-32 300-42 300-43 305-00 305-08 305-09
08,ひたちなか市,ひたちなかし,029,311-12 312-00
08,鹿嶋市,かしまし,0299,311-22 314-00
08,潮来市,いたこし,0299,311-24
08,守谷市,もりやし,0297,302-01
08,常陸大宮市,ひたちおおみやし,0295,311-45 311-46 319-21 319-22 319-24 319-25 319-26 319-31
08,那珂市,なかし,029,311-01 319-21
08,筑西市,ちくせいし,0296,300-45 308-00 308-01 308-08 309-11
08,坂東市,ばんどうし,0297 0280,306-05 306-06
08,稲敷市,いなしきし,029 0297 0299,300-05 300-06 300-07 300-14 301-09
08,かすみがうら市,かすみがうらし,029 0299,300-01 300-02 315-00
08,桜川市,さくらがわし,0296,300-44 309-12 309-13 309-14
08,神栖市,かみすし,0299 0479,314-00 314-01 314-02 314-03 314-04
08,行方市,なめがたし,0299 0291,311-17 311-35 311-38
08,鉾田市,ほこたし,0291,311-14 311-15 311-21
08,つくばみらい市,つくばみらいし,0297,300-23 300-24
08,小美玉市,おみたまし,0299,311-34 319-01
08,東茨城郡茨城町,ひがしいばらきぐんいばらきまち,029,311-31
08,東茨城郡大洗町,ひがしいばらきぐんおおあらいまち,029,311-13
08,東茨城郡城里町,ひがしいばらきぐんしろさとまち,029 0296,311-43 311-44
08,那珂郡東海村,なかぐんとうかいむら,029,319-11
08,久慈郡大子町,くじぐんだいごまち,0295,319-33 319-35 319-37
08,稲敷郡美浦村,いなしきぐんみほむら,029,300-04
08,稲敷郡阿見町,いなしきぐんあみまち,029,300-03 300-11
08,稲敷郡河内町,いなしきぐんかわちまち,0297,300-13 300-14
08,結城郡八千代町,ゆうきぐんやちよまち,0296,300-35
08,猿島郡五霞町,さしまぐんごかまち,0280,306-03
08,猿島郡境町,さしまぐんさかいまち,0280,306-04
08,北相馬郡利根町,きたそうまぐんとねまち,0297,300-16
09,宇都宮市,うつのみやし,028,320-00 320-08 321-00 321-01 321-03 321-04 321-09 321-21 321-32 329-11
09,足利市,あしかがし,0284,326-00 326-01 326-03 326-08 329-42
09,栃木市,とちぎし,0282,323-11 328-00 328-01 328-02 329-03 329-44 349-12
09,佐野市,さのし,0283,327-00 327-01 327-02 327-03 327-05 327-08 328-02
09,鹿沼市,かぬまし,0289,321-11 322-00 322-01 322-02 322-03 322-04 322-05 328-02
09,日光市,にっこうし,0288,321-11 321-12 321-13 321-14 321-15 321-16 321-23 321-24 321-25 321-26 321-27 321-28
09,小山市,おやまし,0285 0280 0282 0296,323-00 323-01 323-08 329-02
09,真岡市,もおかし,0285,321-43 321-44 321-45
09,大田原市,おおたわらし,0287,324-00 324-02 324-04
09,矢板市,やいたし,0287,329-15 329-21 329-25
09,那須塩原市,なすしおばらし,0287,325-00 325-01 329-27 329-28 329-29 329-31
09,さくら市,さくらし,028,329-13 329-14
09,那須烏山市,なすからすやまし,0287,321-05 321-06
09,下野市,しもつけし,0285,323-01 329-04 329-05
09,河内郡上三川町,かわちぐんかみのかわまち,0285,329-05 329-06
09,芳賀郡益子町,はがぐんましこまち,0285,321-41 321-42
09,芳賀郡茂木町,はがぐんもてぎまち,0285,311-44 321-35 321-36 321-37
09,芳賀郡市貝町,はがぐんいちかいまち,0285,321-34
09,芳賀郡芳賀町,はがぐんはがまち,028,321-33
09,下都賀郡壬生町,しもつがぐんみぶまち,0282,321-02
09,下都賀郡野木町,しもつがぐんのぎまち,0280,329-01
09,下都賀郡岩舟町,しもつがぐんいわふねまち,0282,329-43
09,塩谷郡塩谷町,しおやぐんしおやまち,0287,321-25 329-22 329-23 329-24
09,塩谷郡高根沢町,しおやぐんたかねざわまち,028,329-12
09,那須郡那須町,なすぐんなすまち,0287,325-00 325-03 329-32 329-34
09,那須郡那珂川町,なすぐんなかがわまち,0287,324-05 324-06
10,前橋市,まえばしし,027,370-35 371-00 371-01 371-02 371-08 379-21
10,高崎市,たかさきし,027 0274,370-00 370-08 370-12 370-13 370-21 370-31 370-33 370-34 370-35
10,桐生市,きりゅうし,0277,376-00 376-01 376-06
10,伊勢崎市,いせさきし,0270,370-01 372-00 372-08 379-22
10,太田市,おおたし,0276 0284 0277,370-03 370-04 373-00 373-08 379-23
10,沼田市,ぬまたし,0278,378-00 378-01 378-03
10,館林市,たてばやしし,0276,374-00
10,渋川市,しぶかわし,0279,377-00 377-01 377-02 377-03 379-11
10,藤岡市,ふじおかし,0274,370-14 375-00
10,富岡市,とみおかし,0274,370-23 370-24 379-02
10,安中市,あんなかし,027,379-01 379-02 379-03 389-01
10,みどり市,みどりし,0277,376-01 376-03 379-23
10,北群馬郡榛東村,きたぐんまぐんしんとうむら,0279,370-35
10,北群馬郡吉岡町,きたぐんまぐんよしおかまち,0279,370-36
10,多野郡上野村,たのぐんうえのむら,0274,370-16
10,多野郡神流町,たのぐんかんなまち,0274,370-15 370-16
10,甘楽郡下仁田町,かんらぐんしもにたまち,0274,370-26
10,甘楽郡南牧村,かんらぐんなんもくむら,0274,370-28
10,甘楽郡甘楽町,かんらぐんかんらまち,0274,370-22
10,吾妻郡中之条町,あがつまぐんなかのじょうまち,0279,377-04 377-05 377-06 377-13 377-17
10,吾妻郡長野原町,あがつまぐんながのはらまち,0279,377-13 377-14
10,吾妻郡嬬恋村,あがつまぐんつまごいむら,0279,377-14 377-15 377-16 384-00
10,吾妻郡草津町,あがつまぐんくさつまち,0279,377-17
10,吾妻郡高山村,あがつまぐんたかやまむら,0279,377-07
10,吾妻郡東吾妻町,あがつまぐんひがしあがつままち,0279,370-33 377-03 377-08 377-09
10,利根郡片品村,とねぐんかたしなむら,0278,378-04
10,利根郡川場村,とねぐんかわばむら,0278,378-01
10,利根郡昭和村,とねぐんしょうわむら,0278,379-12
10,利根郡みなかみ町,とねぐんみなかみまち,0278,379-13 379-14 379-16 379-17
10,佐波郡玉村町,さわぐんたまむらまち,0270,370-11
10,邑楽郡板倉町,おうらぐんいたくらまち,0276,374-01
10,邑楽郡明和町,おうらぐんめいわまち,0276,370-07
10,邑楽郡千代田町,おうらぐんちよだまち,0276,370-05 370-07
10,邑楽郡大泉町,おうらぐんおおいずみまち,0276,370-05
10,邑楽郡邑楽町,おうらぐんおうらまち,0276,370-06
11,さいたま市,さいたまし,,
11,さいたま市西区,さいたましにしく,048,331-00
11,さいたま市北区,さいたましきたく,048,331-08
11,さいたま市大宮区,さいたましおおみやく,048,330-08
11,さいたま市見沼区,さいたましみぬまく,048,337-00
11,さいたま市中央区,さいたましちゅうおうく,048,330-00 330-60 338-00
11,さいたま市桜区,さいたましさくらく,048,338-08
11,さいたま市浦和区,さいたましうらわく,048,330-00
11,さいたま市南区,さいたましみなみく,048,336-00
11,さいたま市緑区,さいたましみどりく,048,336-09
11,さいたま市岩槻区,さいたましいわつきく,048,339-00
11,川越市,かわごえし,049,350-00 350-08 350-11
11,熊谷市,くまがやし,048 0493 0276,360-00 360-01 360-02 360-08 369-01
11,川口市,かわぐちし,048,332-00 333-08 334-00
11,行田市,ぎょうだし,048,361-00
11,秩父市,ちちぶし,0494,368-00 369-15 369-18 369-19
11,所沢市,ところざわし,04,359-00 359-11
11,飯能市,はんのうし,042,357-00 357-01 357-02
11,加須市,かぞし,0480 0280,347-00 347-01 349-11 349-12
11,本庄市,ほんじょうし,0495,367-00 367-02
11,東松山市,ひがしまつやまし,0493,355-00
11,春日部市,かすかべし,048,344-00 344-01
11,狭山市,さやまし,04,350-13
11,羽生市,はにゅうし,048,348-00
11,鴻巣市,こうのすし,048,365-00 369-01
11,深谷市,ふかやし,048,366-00 366-08 369-02 369-11 369-12
11,上尾市,あげおし,048,362-00
11,草加市,そうかし,048,340-00
11,越谷市,こしがやし,048,343-00 343-08
11,蕨市,わらびし,048,335-00
11,戸田市,とだし,048,335-00
11,入間市,いるまし,04,358-00
11,朝霞市,あさかし,048,351-00
11,志木市,しきし,048,353-00
11,和光市,わこうし,048,351-01
11,新座市,にいざし,048 042,352-00
11,桶川市,おけがわし,048,363-00
11,久喜市,くきし,0480,346-00
11,北本市,きたもとし,048,364-00
11,八潮市,やしおし,048,340-08
11,富士見市,ふじみし,049 048,354-00
11,三郷市,みさとし,048,341-00
11,蓮田市,はすだし,048,349-01
11,坂戸市,さかどし,049,350-02
11,幸手市,さってし,0480,340-01
11,鶴ヶ島市,つるがしまし,049,350-22
11,日高市,ひだかし,042,350-12
11,吉川市,よしかわし,048,342-00
11,ふじみ野市,ふじみのし,049,356-00
11,白岡市,しらおかし,0480,349-02
11,北足立郡伊奈町,きたあだちぐんいなまち,048,362-08
11,入間郡三芳町,いるまぐんみよしまち,049,354-00
11,入間郡毛呂山町,いるまぐんもろやままち,049,350-04
11,入間郡越生町,いるまぐんおごせまち,049,350-04
11,比企郡滑川町,ひきぐんなめがわまち,0493,355-08
11,比企郡嵐山町,ひきぐんらんざんまち,0493,355-02
11,比企郡小川町,ひきぐんおがわまち,0493,355-03
11,比企郡川島町,ひきぐんかわじままち,049,350-01
11,比企郡吉見町,ひきぐんよしみまち,0493,355-01
11,比企郡鳩山町,ひきぐんはとやままち,049,350-03
11,比企郡ときがわ町,ひきぐんときがわまち,0493,355-03
11,秩父郡横瀬町,ちちぶぐんよこぜまち,0494,368-00
11,秩父郡皆野町,ちちぶぐんみなのまち,0494,369-14 369-16
11,秩父郡長瀞町,ちちぶぐんながとろまち,0494,369-13
11,秩父郡小鹿野町,ちちぶぐんおがのまち,0494,368-01 368-02
11,秩父郡東秩父村,ちちぶぐんひがしちちぶむら,0493,355-03
11,児玉郡美里町,こだまぐんみさとまち,0495,367-01
11,児玉郡神川町,こだまぐんかみかわまち,0495 0274,367-02 367-03
11,児玉郡上里町,こだまぐんかみさとまち,0495,369-03
11,大里郡寄居町,おおさとぐんよりいまち,048,369-12
11,南埼玉郡宮代町,みなみさいたまぐんみやしろまち,0480,345-00 345-08
11,北葛飾郡杉戸町,きたかつしかぐんすぎとまち,0480,345-00
11,北葛飾郡松伏町,きたかつしかぐんまつぶしまち,048,343-01
12,千葉市,ちばし,,
12,千葉市中央区,ちばしちゅうおうく,043,260-00 260-08
12,千葉市花見川区,ちばしはなみがわく,043 047,262-00
12,千葉市稲毛区,ちばしいなげく,043,263-00
12,千葉市若葉区,ちばしわかばく,043,264-00 265-00
12,千葉市緑区,ちばしみどりく,043,266-00 267-00
12,千葉市美浜区,ちばしみはまく,043,261-00 261-71
12,銚子市,ちょうしし,0479,288-00 288-08
12,市川市,いちかわし,047,272-00 272-01 272-08
12,船橋市,ふなばしし,047,270-14 273-00 273-08 274-00 274-08
12,館山市,たてやまし,0470,294-00 294-02 294-03
12,木更津市,きさらづし,0438,292-00 292-02 292-08 299-02
12,松戸市,まつどし,047,270-00 270-22 271-00
12,野田市,のだし,04,270-02 278-00
12,茂原市,もばらし,0475,297-00 299-41
12,成田市,なりたし,0476,282-00 286-00 286-01 286-08 287-02 289-01
12,佐倉市,さくらし,043,285-00 285-08
12,東金市,とうがねし,0475,283-00 283-08
12,旭市,あさひし,0479,289-05 289-25 289-26 289-27
12,習志野市,ならしのし,047,275-00
12,柏市,かしわし,04,270-14 277-00 277-08 277-09
12,勝浦市,かつうらし,0470,299-52
12,市原市,いちはらし,0436,290-00 290-01 290-02 290-05 299-01
12,流山市,ながれやまし,04,270-01
12,八千代市,やちよし,047,276-00
12,我孫子市,あびこし,04,270-11
12,鴨川市,かもがわし,04,296-00 296-01 296-02 299-28 299-55
12,鎌ケ谷市,かまがやし,047,273-01
12,君津市,きみつし,0439,292-04 292-05 292-11 299-11
12,富津市,ふっつし,0439,293-00 299-16 299-17 299-18
12,浦安市,うらやすし,047,279-00
12,四街道市,よつかいどうし,043,284-00
12,袖ケ浦市,そでがうらし,0438,299-02
12,八街市,やちまたし,043,289-11
12,印西市,いんざいし,0476,270-13 270-16 270-23
12,白井市,しろいし,047,270-14
12,富里市,とみさとし,0476,286-02
12,南房総市,みなみぼうそうし,0470,294-08 295-00 295-01 299-22 299-24 299-25 299-27
12,匝瑳市,そうさし,0479,289-21 289-31
12,香取市,かとりし,0478,287-00 287-01 287-08 289-03 289-04
12,山武市,さんむし,0475 0479,289-12 289-13 289-15 289-18
12,いすみ市,いすみし,0470,298-00 298-01 299-45 299-46
12,大網白里市,おおあみしらさとし,0475,299-32
12,印旛郡酒々井町,いんばぐんしすいまち,043,285-09
12,印旛郡栄町,いんばぐんさかえまち,0476,270-15
12,香取郡神崎町,かとりぐんこうざきまち,0478,289-01 289-02
12,香取郡多古町,かとりぐんたこまち,0479,289-22 289-23
12,香取郡東庄町,かとりぐんとうのしょうまち,0478,289-06
12,山武郡九十九里町,さんぶぐんくじゅうくりまち,0475,283-01
12,山武郡芝山町,さんぶぐんしばやままち,0479,289-16
12,山武郡横芝光町,さんぶぐんよこしばひかりまち,0479,289-17
12,長生郡一宮町,ちょうせいぐんいちのみやまち,0475,299-43
12,長生郡睦沢町,ちょうせいぐんむつざわまち,0475,299-44
12,長生郡長生村,ちょうせいぐんちょうせいむら,0475,299-43
12,長生郡白子町,ちょうせいぐんしらこまち,0475,299-42
12,長生郡長柄町,ちょうせいぐんながらまち,0475,297-02
12,長生郡長南町,ちょうせいぐんちょうなんまち,0475,297-01
12,夷隅郡大多喜町,いすみぐんおおたきまち,0470,298-02
12,夷隅郡御宿町,いすみぐんおんじゅくまち,0470,299-51
12,安房郡鋸南町,あわぐんきょなんまち,0470,299-19 299-21
13,千代田区,ちよだく,03,100-00 100-60 100-62 100-63 100-64 101-00 102-00
13,中央区,ちゅうおうく,03,103-00 104-00 104-60 104-61 104-62
13,港区,みなとく,03,105-00 105-60 105-61 105-62 105-70 105-71 105-72 105-73 105-74 106-00 106-60 106-61 107-00 107-60 107-61 108-00 108-60 108-61 108-62 108-63 135-00
13,新宿区,しんじゅくく,03,160-00 161-00 162-00 162-08 163-02 163-04 163-05 163-06 163-07 163-08 163-09 163-10 163-11 163-13 163-14 163-15 163-60 169-00
13,文京区,ぶんきょうく,03,112-00 113-00
13,台東区,たいとうく,03,110-00 111-00
13,墨田区,すみだく,03,130-00 131-00
13,江東区,こうとうく,03,135-00 135-60 136-00
13,品川区,しながわく,03,135-00 140-00 141-00 142-00
13,目黒区,めぐろく,03,152-00 153-00
13,大田区,おおたく,03,143-00 144-00 145-00 146-00
13,世田谷区,せたがやく,03,154-00 155-00 156-00 157-00 158-00
13,渋谷区,しぶやく,03,150-00 150-60 151-00
13,中野区,なかのく,03,164-00 165-00
13,杉並区,すぎなみく,03,166-00 167-00 168-00
13,豊島区,としまく,03,170-00 170-60 171-00
13,北区,きたく,03,114-00 115-00
13,荒川区,あらかわく,03,116-00
13,板橋区,いたばしく,03,173-00 174-00 175-00
13,練馬区,ねりまく,03,176-00 177-00 178-00 179-00
13,足立区,あだちく,03,120-00 121-00 121-08 123-08
13,葛飾区,かつしかく,03,124-00 125-00
13,江戸川区,えどがわく,03,132-00 133-00 134-00
13,八王子市,はちおうじし,042,192-00 192-01 192-03 192-09 193-08 193-09
13,立川市,たちかわし,042,190-00
13,武蔵野市,むさしのし,0422,180-00
13,三鷹市,みたかし,0422 03,181-00
13,青梅市,おうめし,0428,198-00 198-01
13,府中市,ふちゅうし,042,183-00
13,昭島市,あきしまし,042,196-00
13,調布市,ちょうふし,042 03 0422,182-00
13,町田市,まちだし,042 044,194-00 194-02 195-00
13,小金井市,こがねいし,042 0422,184-00
13,小平市,こだいらし,042,187-00
13,日野市,ひのし,042,191-00
13,東村山市,ひがしむらやまし,042,189-00
13,国分寺市,こくぶんじし,042,185-00
13,国立市,くにたちし,042,186-00
13,福生市,ふっさし,042,197-00
13,狛江市,こまえし,03 042,201-00
13,東大和市,ひがしやまとし,042,207-00
13,清瀬市,きよせし,042,204-00
13,東久留米市,ひがしくるめし,042,203-00
13,武蔵村山市,むさしむらやまし,042,208-00
13,多摩市,たまし,042,206-00
13,稲城市,いなぎし,042,206-00 206-08
13,羽村市,はむらし,042,205-00
13,あきる野市,あきるのし,042,190-01 197-08
13,西東京市,にしとうきょうし,042 0422,188-00 202-00
13,西多摩郡瑞穂町,にしたまぐんみずほまち,042,190-12
13,西多摩郡日の出町,にしたまぐんひのでまち,042,190-01
13,西多摩郡檜原村,にしたまぐんひのはらむら,042,190-02
13,西多摩郡奥多摩町,にしたまぐんおくたままち,0428,198-00 198-01 198-02
13,大島町,おおしままち,04992,100-01 100-02
13,利島村,としまむら,04992,100-03
13,新島村,にいじまむら,04992,100-04 100-05
13,神津島村,こうづしまむら,04992,100-06
13,三宅村,みやけむら,04994,100-11 100-12
13,御蔵島村,みくらじまむら,04994,100-13
13,八丈町,はちじょうまち,04996,100-14 100-15 100-16
13,青ヶ島村,あおがしまむら,04996,100-17
13,小笠原村,おがさわらむら,04998,100-21 100-22
14,横浜市,よこはまし,,
14,横浜市鶴見区,よこはましつるみく,045,230-00
14,横浜市神奈川区,よこはましかながわく,045,221-00 221-08
14,横浜市西区,よこはましにしく,045,220-00 220-60 220-61 220-62 220-81
14,横浜市中区,よこはましなかく,045,231-00 231-08
14,横浜市南区,よこはましみなみく,045,232-00
14,横浜市保土ケ谷区,よこはましほどがやく,045,240-00
14,横浜市磯子区,よこはましいそごく,045,235-00
14,横浜市金沢区,よこはましかなざわく,045,236-00
14,横浜市港北区,よこはましこうほくく,045,222-00 223-00
14,横浜市戸塚区,よこはましとつかく,045,244-00 244-08 245-00
14,横浜市港南区,よこはましこうなんく,045,233-00 234-00
14,横浜市旭区,よこはましあさひく,045,241-00 241-08
14,横浜市緑区,よこはましみどりく,045,226-00
14,横浜市瀬谷区,よこはましせやく,045,246-00
14,横浜市栄区,よこはましさかえく,045,244-08 247-00
14,横浜市泉区,よこはましいずみく,045,245-00
14,横浜市青葉区,よこはましあおばく,045,225-00 227-00
14,横浜市都筑区,よこはましつづきく,045,224-00
14,川崎市,かわさきし,,
14,川崎市川崎区,かわさきしかわさきく,044,210-00 210-08
14,川崎市幸区,かわさきしさいわいく,044,212-00
14,川崎市中原区,かわさきしなかはらく,044,211-00
14,川崎市高津区,かわさきしたかつく,044,213-00
14,川崎市多摩区,かわさきしたまく,044,214-00
14,川崎市宮前区,かわさきしみやまえく,044,216-00
14,川崎市麻生区,かわさきしあさおく,044,215-00
14,相模原市,さがみはらし,,
14,相模原市緑区,さがみはらしみどりく,042,252-01
14,相模原市中央区,さがみはらしちゅうおうく,042,252-02
14,相模原市南区,さがみはらしみなみく,042 046,252-03
14,横須賀市,よこすかし,046,237-00 238-00 238-03 239-08 240-01
14,平塚市,ひらつかし,0463,254-00 254-08 254-09 259-12
14,鎌倉市,かまくらし,0467,247-00 248-00
14,藤沢市,ふじさわし,0466,251-00 251-08 252-08
14,小田原市,おだわらし,0465,250-00 250-02 250-08 256-08
14,茅ヶ崎市,ちがさきし,0467,253-00
14,逗子市,ずしし,046 0467,249-00
14,三浦市,みうらし,046,238-01 238-02
14,秦野市,はだのし,0463,257-00 259-13
14,厚木市,あつぎし,046,243-00 243-01 243-02 243-08
14,大和市,やまとし,046,242-00
14,伊勢原市,いせはらし,0463,259-11
14,海老名市,えびなし,046,243-04
14,座間市,ざまし,046 042,228-00
14,南足柄市,みなみあしがらし,0465,250-01
14,綾瀬市,あやせし,0467,252-11
14,三浦郡葉山町,みうらぐんはやままち,046,240-01
14,高座郡寒川町,こうざぐんさむかわまち,0467,253-01
14,中郡大磯町,なかぐんおおいそまち,0463,255-00 259-01
14,中郡二宮町,なかぐんにのみやまち,0463,259-01
14,足柄上郡中井町,あしがらかみぐんなかいまち,0465,259-01
14,足柄上郡大井町,あしがらかみぐんおおいまち,0465,258-00
14,足柄上郡松田町,あしがらかみぐんまつだまち,0465,258-00
14,足柄上郡山北町,あしがらかみぐんやまきたまち,0465,258-01 258-02
14,足柄上郡開成町,あしがらかみぐんかいせいまち,0465,258-00
14,足柄下郡箱根町,あしがらしもぐんはこねまち,0460,250-03 250-04 250-05 250-06
14,足柄下郡真鶴町,あしがらしもぐんまなつるまち,0465,259-02
14,足柄下郡湯河原町,あしがらしもぐんゆがわらまち,0465,259-03
14,愛甲郡愛川町,あいこうぐんあいかわまち,046,243-03
14,愛甲郡清川村,あいこうぐんきよかわむら,046,243-01 257-00
15,新潟市,にいがたし,,
15,新潟市北区,にいがたしきたく,025,950-00 950-01 950-02 950-31 950-33
15,新潟市東区,にいがたしひがしく,025,950-00 950-01 950-08 950-09
15,新潟市中央区,にいがたしちゅうおうく,025,950-00 950-01 950-08 950-09 950-11 951-80 951-81
15,新潟市江南区,にいがたしこうなんく,025,950-00 950-01 950-02 950-03 950-08 950-09 950-11
15,新潟市秋葉区,にいがたしあきはく,0250 025,956-00 956-01 956-08
15,新潟市南区,にいがたしみなみく,025,950-11 950-12 950-13 950-14
15,新潟市西区,にいがたしにしく,025,950-00 950-11 950-20 950-21 950-22 951-81 959-04
15,新潟市西蒲区,にいがたしにしかんく,0256 025,950-00 950-12 950-13 953-00 953-01 959-04 959-05
15,長岡市,ながおかし,0258 0256,940-00 940-01 940-02 940-08 940-11 940-20 940-21 940-23 940-24 940-25 947-02 949-45 949-51 949-52 949-53 949-54　949-75 949-87 954-01 954-02 959-01
15,三条市,さんじょうし,0256,955-00 955-01 955-08 959-11
15,柏崎市,かしわざきし,0257,945-00 945-01 945-02 945-04 945-08 945-11 945-12 945-13 945-14 945-15 949-36 949-37 949-41 949-42
15,新発田市,しばたし,0254,957-00 957-02 957-03 957-04 959-23 959-24 959-25
15,小千谷市,おぢやし,0258,947-00 947-01 947-02 949-87
15,加茂市,かもし,0256,959-13
15,十日町市,とおかまちし,025,942-13 942-14 942-15 948-00 948-01 948-02 948-03 949-84 949-85 949-86
15,見附市,みつけし,0258,954-00 954-01
15,村上市,むらかみし,0254,958-00 958-02 958-08 959-31 959-34 959-36 959-39
15,燕市,つばめし,0256,959-01 959-02 959-12
15,糸魚川市,いといがわし,025,941-00 949-01 949-03 949-04 949-05 949-12 949-13
15,妙高市,みょうこうし,0255,389-22 944-00 944-02 944-03 949-21 949-22
15,五泉市,ごせんし,0250,959-16 959-17 959-18
15,上越市,じょうえつし,025 0255,942-00 942-01 942-02 942-03 942-04 942-05 942-11 942-12 943-00 943-01 943-02 943-03 943-04 943-05 943-06 943-08 944-01 949-16 949-17 949-23 949-31 949-32 949-33 949-34 949-35
15,阿賀野市,あがのし,0250,959-19 959-20 959-21 959-22
15,佐渡市,さどし,0259,952-00 952-01 952-02 952-03 952-04 952-05 952-06 952-07 952-08 952-12 952-13 952-14 952-15 952-16 952-21 952-22 952-31 952-32 952-34 952-35
15,魚沼市,うおぬまし,025,946-00 946-01 946-02 946-03 949-74
15,南魚沼市,みなみうおぬまし,025,949-63 949-64 949-65 949-66 949-67 949-71 949-72 949-73
15,胎内市,たいないし,0254,959-26 959-27 959-28
15,北蒲原郡聖籠町,きたかんばらぐんせいろうまち,0254 025,957-01
15,西蒲原郡弥彦村,にしかんばらぐんやひこむら,0256,959-03
15,南蒲原郡田上町,みなみかんばらぐんたがみまち,0256,959-15
15,東蒲原郡阿賀町,ひがしかんばらぐんあがまち,0254,959-43 959-44 959-45 959-46
15,三島郡出雲崎町,さんとうぐんいずもざきまち,0258,949-43
15,南魚沼郡湯沢町,みなみうおぬまぐんゆざわまち,025,949-61 949-62
15,中魚沼郡津南町,なかうおぬまぐんつなんまち,025,949-81 949-82 949-83
15,刈羽郡刈羽村,かりわぐんかりわむら,0257,945-03
15,岩船郡関川村,いわふねぐんせきかわむら,0254,959-32
15,岩船郡粟島浦村,いわふねぐんあわしまうらむら,0254,958-00
16,富山市,とやまし,076,930-00 930-01 930-08 930-09 930-12 930-13 930-14 930-21 930-22 931-83 931-84 939-00 939-05 939-21 939-22 939-23 939-24 939-26 939-27 939-35 939-80 939-81 939-82
16,高岡市,たかおかし,0766,933-00 933-01 933-03 933-08 933-09 934-00 939-01 939-11 939-12
16,魚津市,うおづし,0765,937-00 937-08
16,氷見市,ひみし,0766,935-00 935-01 935-02 935-03 935-04
16,滑川市,なめりかわし,076,936-00 936-08
16,黒部市,くろべし,0765,938-00 938-01 938-02 938-08
16,砺波市,となみし,0763,932-03 939-13 939-14
16,小矢部市,おやべし,0766,932-00 932-01 932-08
16,南砺市,なんとし,0763,932-02 932-03 939-15 939-16 939-17 939-18 939-19 939-25
16,射水市,いみずし,0766,933-00 933-02 934-00 939-02 939-03 939-04
16,中新川郡舟橋村,なかにいかわぐんふなはしむら,076,930-02
16,中新川郡上市町,なかにいかわぐんかみいちまち,076,930-03 930-04 936-08
16,中新川郡立山町,なかにいかわぐんたてやままち,076,930-02 930-13 930-14 930-32
16,下新川郡入善町,しもにいかわぐんにゅうぜんまち,0765,938-01 939-06
16,下新川郡朝日町,しもにいかわぐんあさひまち,0765,938-01 939-07
17,金沢市,かなざわし,076,920-00 920-01 920-02 920-03 920-08 920-09 920-11 920-13 920-31 920-82 921-80 921-81
17,七尾市,ななおし,0767,926-00 926-01 926-02 926-03 926-08 929-21 929-22
17,小松市,こまつし,0761,923-00 923-01 923-03 923-08 923-09
17,輪島市,わじまし,0768,927-21 927-22 927-23 928-00 928-02 929-23
17,珠洲市,すずし,0768,927-12 927-13 927-14
17,加賀市,かがし,0761,922-00 922-01 922-02 922-03 922-04 922-05 922-06 922-08
17,羽咋市,はくいし,0767,925-00 925-06 929-15
17,かほく市,かほくし,076,929-11 929-12
17,白山市,はくさんし,076,920-21 920-23 920-25 924-00 924-08 929-02
17,能美市,のみし,0761,923-11 923-12 929-01
17,野々市市,ののいちし,076,921-00 921-88
17,能美郡川北町,のみぐんかわきたまち,076,923-12
17,河北郡津幡町,かほくぐんつばたまち,076,929-03 929-04
17,河北郡内灘町,かほくぐんうちなだまち,076,920-02
17,羽咋郡志賀町,はくいぐんしかまち,0767,925-01 925-02 925-03 925-04 925-05
17,羽咋郡宝達志水町,はくいぐんほうだつしみずちょう,0767,929-13 929-14 939-01
17,鹿島郡中能登町,かしまぐんなかのとまち,0767,929-15 929-16 929-17 929-18
17,鳳珠郡穴水町,ほうすぐんあなみずまち,0768,927-00 927-02
17,鳳珠郡能登町,ほうすぐんのとちょう,0768,927-03 927-04 927-05 927-06 928-03
18,福井市,ふくいし,0776 07797,910-00 910-01 910-08 910-21 910-22 910-23 910-24 910-31 910-32 910-33 910-34 910-35 910-36 918-00 918-80 918-81 918-82 919-03
18,敦賀市,つるがし,0770,914-00 914-01 914-02 914-03 914-08 919-12
18,小浜市,おばまし,0770,917-00 917-01 917-02 917-03
18,大野市,おおのし,0779,912-00 912-01 912-02 912-04 912-08
18,勝山市,かつやまし,0779,911-00 911-08
18,鯖江市,さばえし,0778,916-00 916-11 916-12
18,あわら市,あわらし,0776,910-41 910-42 919-06 919-07 919-08 922-06
18,越前市,えちぜんし,0778,915-00 915-02 915-08 915-12
18,坂井市,さかいし,0776,910-02 910-03 913-00 919-04 919-05
18,吉田郡永平寺町,よしだぐんえいへいじちょう,0776,910-11 910-12 910-13
18,今立郡池田町,いまだてぐんいけだちょう,0778,910-25
18,南条郡南越前町,なんじょうぐんみなみえちぜんちょう,0778,915-11 919-01 919-02
18,丹生郡越前町,にゅうぐんえちぜんちょう,0778,916-01 916-02 916-03 916-04
18,三方郡美浜町,みかたぐんみはまちょう,0770,919-11 919-12
18,大飯郡高浜町,おおいぐんたかはまちょう,0770,919-22 919-23
18,大飯郡おおい町,おおいぐんおおいちょう,0770,917-03 919-21
18,三方上中郡若狭町,みかたかみなかぐんわかさちょう,0770,919-13 919-14 919-15
19,甲府市,こうふし,055 0555,400-00 400-08 400-11 400-12 400-15 409-37
19,富士吉田市,ふじよしだし,0555,403-00
19,都留市,つるし,0554,402-00
19,山梨市,やまなしし,0553,404-00 404-02 405-00
19,大月市,おおつきし,0554,401-00 409-05 409-06
19,韮崎市,にらさきし,0551,407-00 407-01 407-02
19,南アルプス市,みなみあるぷすし,055,400-02 400-03 400-04
19,北杜市,ほくとし,0551,407-03 408-00 408-01 408-02 408-03 409-15
19,甲斐市,かいし,055 0551,400-01 400-11 400-12 407-01
19,笛吹市,ふえふきし,0553 055,405-00 406-00 406-08 409-37
19,上野原市,うえのはらし,0554,401-02 409-01
19,甲州市,こうしゅうし,0553,404-00 404-02 409-12 409-13
19,中央市,ちゅうおうし,055,400-15 409-38
19,西八代郡市川三郷町,にしやつしろぐんいちかわみさとちょう,055 0556,409-32 409-36 409-37
19,南巨摩郡早川町,みなみこまぐんはやかわちょう,0556,409-27
19,南巨摩郡身延町,みなみこまぐんみのぶちょう,0556,409-24 409-25 409-29 409-31 409-33 409-34
19,南巨摩郡南部町,みなみこまぐんなんぶちょう,0556,409-21 409-22 409-23
19,南巨摩郡富士川町,みなみこまぐんふじかわちょう,0556,400-05 400-06
19,中巨摩郡昭和町,なかこまぐんしょうわちょう,055,409-38
19,南都留郡道志村,みなみつるぐんどうしむら,0554,402-02
19,南都留郡西桂町,みなみつるぐんにしかつらちょう,0555,403-00
19,南都留郡忍野村,みなみつるぐんおしのむら,0555,401-05
19,南都留郡山中湖村,みなみつるぐんやまなかこむら,0555,401-05
19,南都留郡鳴沢村,みなみつるぐんなるさわむら,0555,401-03
19,南都留郡富士河口湖町,みなみつるぐんふじかわぐちこまち,0555,401-03 409-37
19,北都留郡小菅村,きたつるぐんこすげむら,0428,409-01 409-02
19,北都留郡丹波山村,きたつるぐんたばやまむら,0428,409-03
20,長野市,ながのし,026,380-08 380-09 381-00 381-01 381-12 381-22 381-23 381-24 381-27 381-31 381-32 381-41 381-43 388-80 389-11
20,松本市,まつもとし,0263,390-02 390-03 390-08 390-11 390-12 390-14 390-15 390-16 390-17 399-00 399-74 399-82
20,上田市,うえだし,0268,386-00 386-01 386-03 386-04 386-05 386-11 386-12 386-13 386-14 386-15 386-22
20,岡谷市,おかやし,0266,394-00
20,飯田市,いいだし,0265 0260,395-00 395-01 395-02 395-08 399-12 399-13 399-14 399-22 399-24 399-25 399-26
20,諏訪市,すわし,0266,392-00 392-01
20,須坂市,すざかし,026,382-00 386-22
20,小諸市,こもろし,0267,384-00 384-08
20,伊那市,いなし,0265,396-00 396-01 396-02 396-03 396-04 396-06 399-44 399-45
20,駒ヶ根市,こまがねし,0265,399-41 399-42 399-43
20,中野市,なかのし,0269,383-00 389-21 389-23
20,大町市,おおまちし,0261,398-00 399-73 399-91
20,飯山市,いいやまし,0269,389-22 389-23 389-24 389-26
20,茅野市,ちのし,0266,391-00 391-02 391-03
20,塩尻市,しおじりし,0263 0264,399-00 399-06 399-07 399-63 399-64
20,佐久市,さくし,0267,384-03 384-04 384-06 384-21 384-22 385-00
20,千曲市,ちくまし,026,387-00 389-08
20,東御市,とうみし,0268,389-04 389-05
20,安曇野市,あづみのし,0263,399-71 399-81 399-82 399-83
20,南佐久郡小海町,みなみさくぐんこうみまち,0267,384-11
20,南佐久郡川上村,みなみさくぐんかわかみむら,0267,384-14
20,南佐久郡南牧村,みなみさくぐんみなみまきむら,0267,384-13
20,南佐久郡南相木村,みなみさくぐんみなみあいきむら,0267,384-12
20,南佐久郡北相木村,みなみさくぐんきたあいきむら,0267,384-12
20,南佐久郡佐久穂町,みなみさくぐんさくほまち,0267,384-05 384-06 384-07
20,北佐久郡軽井沢町,きたさくぐんかるいざわまち,0267,389-01
20,北佐久郡御代田町,きたさくぐんみよたまち,0267,389-02
20,北佐久郡立科町,きたさくぐんたてしなまち,0267,384-22 384-23 391-03
20,小県郡青木村,ちいさがたぐんあおきむら,0268,386-16
20,小県郡長和町,ちいさがたぐんながわまち,0268,386-06 386-07
20,諏訪郡下諏訪町,すわぐんしもすわまち,0266,393-00
20,諏訪郡富士見町,すわぐんふじみまち,0266,391-00 399-01 399-02
20,諏訪郡原村,すわぐんはらむら,0266,391-01
20,上伊那郡辰野町,かみいなぐんたつのまち,0266,399-04 399-05 399-06
20,上伊那郡箕輪町,かみいなぐんみのわまち,0265,399-46
20,上伊那郡飯島町,かみいなぐんいいじままち,0265,399-37
20,上伊那郡南箕輪村,かみいなぐんみなみみのわむら,0265,399-45
20,上伊那郡中川村,かみいなぐんなかがわむら,0265,399-38
20,上伊那郡宮田村,かみいなぐんみやだむら,0265,399-43
20,下伊那郡松川町,しもいなぐんまつかわまち,0265,399-33
20,下伊那郡高森町,しもいなぐんたかもりまち,0265,399-31
20,下伊那郡阿南町,しもいなぐんあなんちょう,0260,399-15 399-16
20,下伊那郡阿智村,しもいなぐんあちむら,0265,395-03 395-04 395-05
20,下伊那郡平谷村,しもいなぐんひらやむら,0265,395-06
20,下伊那郡根羽村,しもいなぐんねばむら,0265,395-07
20,下伊那郡下條村,しもいなぐんしもじょうむら,0260,399-21
20,下伊那郡売木村,しもいなぐんうるぎむら,0260,399-16
20,下伊那郡天龍村,しもいなぐんてんりゅうむら,0260,399-12
20,下伊那郡泰阜村,しもいなぐんやすおかむら,0260,399-18
20,下伊那郡喬木村,しもいなぐんたかぎむら,0265,395-11
20,下伊那郡豊丘村,しもいなぐんとよおかむら,0265,399-32 399-33
20,下伊那郡大鹿村,しもいなぐんおおしかむら,0265,399-35
20,木曽郡上松町,きそぐんあげまつまち,0264,399-56
20,木曽郡南木曽町,きそぐんなぎそまち,0264 0573,399-53
20,木曽郡木祖村,きそぐんきそむら,0264,399-62
20,木曽郡王滝村,きそぐんおうたきむら,0264,397-02
20,木曽郡大桑村,きそぐんおおくわむら,0264,399-55
20,木曽郡木曽町,きそぐんきそまち,0264,397-00 397-01 397-03 399-61
20,東筑摩郡麻績村,ひがしちくまぐんおみむら,0263,399-77
20,東筑摩郡生坂村,ひがしちくまぐんいくさかむら,0263,399-72 399-73
20,東筑摩郡山形村,ひがしちくまぐんやまがたむら,0263,390-13
20,東筑摩郡朝日村,ひがしちくまぐんあさひむら,0263,390-11
20,東筑摩郡筑北村,ひがしちくまぐんちくほくむら,0263,399-75 399-76 399-77
20,北安曇郡池田町,きたあづみぐんいけだまち,0261,399-86
20,北安曇郡松川村,きたあづみぐんまつかわむら,0261,399-85
20,北安曇郡白馬村,きたあづみぐんはくばむら,0261,399-92 399-93
20,北安曇郡小谷村,きたあづみぐんおたりむら,0261,399-94 399-95 399-96
20,埴科郡坂城町,はにしなぐんさかきまち,0268,389-06
20,上高井郡小布施町,かみたかいぐんおぶせまち,026,381-02
20,上高井郡高山村,かみたかいぐんたかやまむら,026,382-08
20,下高井郡山ノ内町,しもたかいぐんやまのうちまち,0269,381-04
20,下高井郡木島平村,しもたかいぐんきじまだいらむら,0269,389-23
20,下高井郡野沢温泉村,しもたかいぐんのざわおんせんむら,0269,389-25 389-26
20,上水内郡信濃町,かみみのちぐんしなのまち,026,389-13
20,上水内郡小川村,かみみのちぐんおがわむら,026,381-33
20,上水内郡飯綱町,かみみのちぐんいいづなまち,026,389-12
20,下水内郡栄村,しもみのちぐんさかえむら,0269,389-27 949-83
21,岐阜市,ぎふし,058,500-00 500-80 500-81 500-82 500-83 500-84 500-88 501-01 501-11 501-25 501-31 501-61 502-00 502-08 502-09
21,大垣市,おおがきし,0584,503-00 503-01 503-08 503-09 503-16 503-22
21,高山市,たかやまし,0577 0578 05769,501-54 506-00 506-01 506-02 506-08 506-13 506-14 506-21 506-22 509-27 509-32 509-33 509-34 509-35 509-41
21,多治見市,たじみし,0572,507-00 507-08 507-09
21,関市,せきし,0575 0581,501-26 501-28 501-29 501-32 501-35 501-36 501-38 501-39
21,中津川市,なかつがわし,0573 0264,508-00 508-01 508-02 508-03 508-04 508-05 509-73 509-83 509-91 509-92
21,美濃市,みのし,0575,501-37
21,瑞浪市,みずなみし,0572,509-61 509-62 509-63 509-64
21,羽島市,はしまし,058,501-62 501-63
21,恵那市,えなし,0573 0572,509-71 509-72 509-74 509-75 509-76 509-77 509-78 509-82
21,美濃加茂市,みのかもし,0574,505-00
21,土岐市,ときし,0572,509-51 509-52 509-53 509-54
21,各務原市,かかみがはらし,058 0586,501-60 504-00 504-08 504-09 509-01
21,可児市,かにし,0574,505-01 509-02
21,山県市,やまがたし,0581,501-21 501-22 501-23
21,瑞穂市,みずほし,058 0584,501-02 501-03
21,飛騨市,ひだし,0577 0578,506-02 506-11 506-12 509-42 509-43 509-44 509-45
21,本巣市,もとすし,058 0581,501-04 501-12 501-15
21,郡上市,ぐじょうし,0575,501-41 501-42 501-43 501-44 501-45 501-46 501-51 501-52 501-53
21,下呂市,げろし,0576,509-16 509-21 509-22 509-23 509-24 509-25 509-26 509-31
21,海津市,かいづし,0584,503-03 503-04 503-05 503-06
21,羽島郡岐南町,はしまぐんぎなんちょう,058,501-60 501-61
21,羽島郡笠松町,はしまぐんかさまつちょう,058,501-60 501-61
21,養老郡養老町,ようろうぐんようろうちょう,0584,503-12 503-13
21,不破郡垂井町,ふわぐんたるいちょう,0584,503-21
21,不破郡関ケ原町,ふわぐんせきがはらちょう,0584,503-15
21,安八郡神戸町,あんぱちぐんごうどちょう,0584,503-23
21,安八郡輪之内町,あんぱちぐんわのうちちょう,0584,503-02
21,安八郡安八町,あんぱちぐんあんぱちちょう,0584,503-01
21,揖斐郡揖斐川町,いびぐんいびがわちょう,0585 0581,501-06 501-07 501-08 501-09 501-13 503-25
21,揖斐郡大野町,いびぐんおおのちょう,0585,501-05
21,揖斐郡池田町,いびぐんいけだちょう,0585 0584,503-24
21,本巣郡北方町,もとすぐんきたがたちょう,058,501-04
21,加茂郡坂祝町,かもぐんさかほぎちょう,0574,505-00
21,加茂郡富加町,かもぐんとみかちょう,0574,501-33
21,加茂郡川辺町,かもぐんかわべちょう,0574,509-03
21,加茂郡七宗町,かもぐんひちそうちょう,0574,509-04 509-05
21,加茂郡八百津町,かもぐんやおつちょう,0574,505-03 505-04 505-05
21,加茂郡白川町,かもぐんしらかわちょう,0574,509-11 509-12 509-14
21,加茂郡東白川村,かもぐんひがししらかわむら,0574,509-13
21,可児郡御嵩町,かにぐんみたけちょう,0574,505-01
21,大野郡白川村,おおのぐんしらかわむら,05769,501-55 501-56
22,静岡市,しずおかし,,
22,静岡市葵区,しずおかしあおいく,054,420-00 420-08 420-09 421-12 421-13 421-14 421-21 421-22 421-23 422-00 428-05
22,静岡市駿河区,しずおかしするがく,054,421-01 422-00 422-80
22,静岡市清水区,しずおかししみずく,054,421-31 421-32 422-00 424-00 424-01 424-02 424-03 424-04 424-08 424-09
22,浜松市,はままつし,,
22,浜松市中区,はままつしなかく,053,430-08 430-09 430-77 432-00 432-80 433-81 435-00
22,浜松市東区,はままつしひがしく,053,430-08 431-31 432-00 435-00
22,浜松市西区,はままつしにしく,053,431-01 431-02 431-11 431-12 432-00 432-80
22,浜松市南区,はままつしみなみく,053,430-08 432-00 432-80 435-00
22,浜松市北区,はままつしきたく,053,431-13 431-14 431-21 431-22 431-25 432-00 433-81
22,浜松市浜北区,はままつしはまきたく,053,434-00
22,浜松市天竜区,はままつしてんりゅうく,053,431-33 431-34 431-35 431-36 431-37 431-38 431-39 431-41 432-00 437-06
22,沼津市,ぬまづし,055 0558,410-00 410-01 410-02 410-03 410-08 410-34
22,熱海市,あたみし,0557 0465,413-00 413-01
22,三島市,みしまし,055,411-00 411-08
22,富士宮市,ふじのみやし,0544,418-00 418-01 419-03
22,伊東市,いとうし,0557,413-01 413-02 414-00
22,島田市,しまだし,0547,427-00 427-01 427-02 428-00 428-01 428-02
22,富士市,ふじし,0545,416-09 417-00 417-08 419-02 421-33
22,磐田市,いわたし,0538 0539,437-12 438-00 438-01 438-02 438-08
22,焼津市,やいづし,054,421-02 425-00
22,掛川市,かけがわし,0537,436-00 436-01 436-02 436-03 437-13 437-14
22,藤枝市,ふじえだし,054,421-11 426-00 426-01 426-02
22,御殿場市,ごてんばし,0550,412-00
22,袋井市,ふくろいし,0538,437-00 437-01 437-11 437-13
22,下田市,しもだし,0558,413-07 415-00
22,裾野市,すそのし,055 0460,410-11 410-12
22,湖西市,こさいし,053,431-03 431-04
22,伊豆市,いずし,0558 0557,410-24 410-25 410-32 410-33
22,御前崎市,おまえざきし,0548 0537,421-06 437-16
22,菊川市,きくがわし,0537 0548,437-15 439-00
22,伊豆の国市,いずのくにし,055 0558,410-21 410-22 410-23
22,牧之原市,まきのはらし,0548,421-04 421-05
22,賀茂郡東伊豆町,かもぐんひがしいずちょう,0557,413-03 413-04
22,賀茂郡河津町,かもぐんかわづちょう,0558,413-05
22,賀茂郡南伊豆町,かもぐんみなみいずちょう,0558,415-01 415-03 415-05
22,賀茂郡松崎町,かもぐんまつざきちょう,0558,410-36
22,賀茂郡西伊豆町,かもぐんにしいずちょう,0558,410-35
22,田方郡函南町,たがたぐんかんなみちょう,055,411-00 419-01
22,駿東郡清水町,すんとうぐんしみずちょう,055,411-00 411-09
22,駿東郡長泉町,すんとうぐんながいずみちょう,055,411-00 411-09
22,駿東郡小山町,すんとうぐんおやまちょう,0550,410-13 410-14
22,榛原郡吉田町,はいばらぐんよしだちょう,0548,421-03
22,榛原郡川根本町,はいばらぐんかわねほんちょう,0547,428-03 428-04
22,周智郡森町,しゅうちぐんもりまち,0538,437-02
23,名古屋市,なごやし,,
23,名古屋市千種区,なごやしちくさく,052,464-00 464-08 468-08
23,名古屋市東区,なごやしひがしく,052,461-00
23,名古屋市北区,なごやしきたく,052,462-00 462-08
23,名古屋市西区,なごやしにしく,052,451-00 452-08
23,名古屋市中村区,なごやしなかむらく,052,450-00 450-60 453-00 453-08
23,名古屋市中区,なごやしなかく,052,460-00
23,名古屋市昭和区,なごやししょうわく,052,466-00 466-08
23,名古屋市瑞穂区,なごやしみずほく,052,467-00 467-08
23,名古屋市熱田区,なごやしあつたく,052,456-00
23,名古屋市中川区,なごやしなかがわく,052,454-00 454-08 454-09
23,名古屋市港区,なごやしみなとく,052,455-00 455-08
23,名古屋市南区,なごやしみなみく,052,457-00 457-08
23,名古屋市守山区,なごやしもりやまく,052,463-00 463-08
23,名古屋市緑区,なごやしみどりく,052,458-00 458-08 458-09 459-80
23,名古屋市名東区,なごやしめいとうく,052,465-00
23,名古屋市天白区,なごやしてんぱくく,052,468-00 468-08
23,豊橋市,とよはしし,0532,440-00 440-08 441-00 441-01 441-11 441-31 441-32 441-33 441-80 441-81
23,岡崎市,おかざきし,0564,444-00 444-02 444-08 444-09 444-21 444-31 444-33 444-34 444-35 444-36
23,一宮市,いちのみやし,0586,491-00 491-01 491-02 491-03 491-08 491-09 493-00 493-80 494-00
23,瀬戸市,せとし,0561,480-00 480-12 489-00 489-08 489-09
23,半田市,はんだし,0569,475-00 475-08 475-09
23,春日井市,かすがいし,0568,480-03 486-00 486-08 486-09 487-00
23,豊川市,とよかわし,0533,441-01 441-02 441-03 441-12 442-00 442-08
23,津島市,つしまし,0567,496-00 496-08
23,碧南市,へきなんし,0566,447-00 447-08
23,刈谷市,かりやし,0566,448-00 448-08
23,豊田市,とよたし,0565 0564 0536,441-25 444-22 444-23 444-24 444-25 444-26 444-28 444-32 470-03 470-04 470-05 470-12 471-00 471-08 473-09
23,安城市,あんじょうし,0566,444-11 444-12 446-00
23,西尾市,にしおし,0563,444-03 444-04 444-05 444-07 445-00 445-08
23,蒲郡市,がまごおりし,0533,443-00 443-01
23,犬山市,いぬやまし,0568,484-00 484-08 484-09
23,常滑市,とこなめし,0569,479-00 479-08
23,江南市,こうなんし,0587,483-00 483-80 483-81 483-82 483-83 483-84
23,小牧市,こまきし,0568,485-00 485-08
23,稲沢市,いなざわし,0587 0586,490-13 492-00 492-80 492-81 492-82 492-83 492-84 495-00
23,新城市,しんしろし,0536,441-13 441-14 441-15 441-16 441-19
23,東海市,とうかいし,052 0562,476-00 477-00
23,大府市,おおぶし,0562,474-00
23,知多市,ちたし,0562 0569,478-00
23,知立市,ちりゅうし,0566,472-00
23,尾張旭市,おわりあさひし,0561 052,488-00 488-08
23,高浜市,たかはまし,0566,444-13
23,岩倉市,いわくらし,0587,482-00
23,豊明市,とよあけし,0562,470-11
23,日進市,にっしんし,0561 052,470-01
23,田原市,たはらし,0531,441-34 441-35 441-36
23,愛西市,あいさいし,0567,496-00 496-09 496-80
23,清須市,きよすし,052,452-00 452-09
23,北名古屋市,きたなごやし,0568,481-00
23,弥富市,やとみし,0567,490-14 498-00
23,みよし市,みよしし,0561,470-02
23,あま市,あまし,052,490-11 490-12 497-00
23,長久手市,ながくてし,0561,480-00 480-11
23,愛知郡東郷町,あいちぐんとうごうちょう,0561 052,470-01
23,西春日井郡豊山町,にしかすがいぐんとよやまちょう,0568,480-02
23,丹羽郡大口町,にわぐんおおぐちちょう,0587,480-01
23,丹羽郡扶桑町,にわぐんふそうちょう,0587,480-01
23,海部郡大治町,あまぐんおおはるちょう,052,490-11
23,海部郡蟹江町,あまぐんかにえちょう,0567,497-00
23,海部郡飛島村,あまぐんとびしまむら,0567,490-14
23,知多郡阿久比町,ちたぐんあぐいちょう,0569,470-22
23,知多郡東浦町,ちたぐんひがしうらちょう,0562,470-21
23,知多郡南知多町,ちたぐんみなみちたちょう,0569,470-33 470-34 470-35
23,知多郡美浜町,ちたぐんみはまちょう,0569,470-24 470-32
23,知多郡武豊町,ちたぐんたけとよちょう,0569,470-23 470-25
23,額田郡幸田町,ぬかたぐんこうたちょう,0564,444-01
23,北設楽郡設楽町,きたしたらぐんしたらちょう,0536,441-22 441-23 441-24 441-25 441-26
23,北設楽郡東栄町,きたしたらぐんとうえいちょう,0536,449-02
23,北設楽郡豊根村,きたしたらぐんとよねむら,0536,431-41 449-04
24,津市,つし,059,510-03 514-00 514-01 514-03 514-08 514-11 514-12 514-21 514-22 514-23 515-25 515-26 515-31 515-32 515-33 515-34 515-35
24,四日市市,よっかいちし,059,510-00 510-01 510-08 510-09 510-80 512-03 512-09 512-11 512-12 512-13 512-80
24,伊勢市,いせし,0596,515-05 516-00 516-08 516-11 517-00 519-05 519-06
24,松阪市,まつさかし,0598,515-00 515-01 515-02 515-08 515-11 515-12 515-13 515-14 515-15 515-16 515-17 515-21 515-23 515-24 519-21
24,桑名市,くわなし,0594,511-00 511-01 511-08 511-09 511-11
24,鈴鹿市,すずかし,059,510-02 513-00 513-08 513-11 519-02 519-03
24,名張市,なばりし,0595,518-04 518-05 518-06 518-07
24,尾鷲市,おわせし,0597,519-34 519-36 519-37 519-38 519-39
24,亀山市,かめやまし,0595,519-01 519-02 519-11
24,鳥羽市,とばし,0599,517-00
24,熊野市,くまのし,0597 05979,519-42 519-43 519-44 519-45 519-46 519-54 647-13
24,いなべ市,いなべし,0594,511-02 511-04 511-05
24,志摩市,しまし,0599,517-02 517-04 517-05 517-06 517-07
24,伊賀市,いがし,0595,518-00 518-01 518-02 518-08 518-11 518-13 518-14 519-14 519-17
24,桑名郡木曽岬町,くわなぐんきそさきちょう,0567,498-00 498-08
24,員弁郡東員町,いなべぐんとういんちょう,0594,511-02
24,三重郡菰野町,みえぐんこものちょう,059,510-12 510-13
24,三重郡朝日町,みえぐんあさひちょう,059,510-00 510-81
24,三重郡川越町,みえぐんかわごえちょう,059,510-00 510-81
24,多気郡多気町,たきぐんたきちょう,0598,519-21 519-22
24,多気郡明和町,たきぐんめいわちょう,0596,515-03
24,多気郡大台町,たきぐんおおだいちょう,0598,519-24 519-25 519-26
24,度会郡玉城町,わたらいぐんたまきちょう,0596,519-04
24,度会郡度会町,わたらいぐんわたらいちょう,0596,516-12 516-21
24,度会郡大紀町,わたらいぐんたいきちょう,0598,519-27 519-28 519-29 519-31
24,度会郡南伊勢町,わたらいぐんみなみいせちょう,0596 0599,516-01 516-02 516-13 516-14 516-15
24,北牟婁郡紀北町,きたむろぐんきほくちょう,05974 0597,519-32 519-34
24,南牟婁郡御浜町,みなみむろぐんみはまちょう,05979,519-52 519-53
24,南牟婁郡紀宝町,みなみむろぐんきほうちょう,0735,519-57 519-58
25,大津市,おおつし,077,520-00 520-01 520-02 520-03 520-04 520-05 520-08 520-21 520-22
25,彦根市,ひこねし,0749,521-11 522-00 522-02 529-11
25,長浜市,ながはまし,0749,526-00 526-01 526-02 526-08 529-01 529-02 529-03 529-04 529-05 529-07
25,近江八幡市,おうみはちまんし,0748,521-13 523-00 523-08
25,草津市,くさつし,077,525-00
25,守山市,もりやまし,077,524-00 524-01 524-02
25,栗東市,りっとうし,077,520-30
25,甲賀市,こうかし,0748,520-33 520-34 528-00 528-02 529-18
25,野洲市,やすし,077,520-23 520-24 524-02
25,湖南市,こなんし,0748,520-31 520-32
25,高島市,たかしまし,0740,520-11 520-12 520-14 520-15 520-16 520-18
25,東近江市,ひがしおうみし,0748 0749,521-12 527-00 527-01 527-02 529-14 529-15
25,米原市,まいばらし,0749,521-00 521-02 521-03
25,蒲生郡日野町,がもうぐんひのちょう,0748,529-16
25,蒲生郡竜王町,がもうぐんりゅうおうちょう,0748,520-25
25,愛知郡愛荘町,えちぐんあいしょうちょう,0749,529-12 529-13
25,犬上郡豊郷町,いぬかみぐんとよさとちょう,0749,529-11
25,犬上郡甲良町,いぬかみぐんこうらちょう,0749,522-02
25,犬上郡多賀町,いぬかみぐんたがちょう,0749,522-03
26,京都市,きょうとし,,
26,京都市北区,きょうとしきたく,075,601-01 603-00 603-80 603-81 603-82 603-83 603-84 603-88
26,京都市上京区,きょうとしかみぎょうく,075,602-00 602-08 602-09 602-80 602-81 602-82 602-83 602-84
26,京都市左京区,きょうとしさきょうく,075,520-04 601-11 601-12 606-00 606-08 606-09 606-80 606-81 606-82 606-83 606-84
26,京都市中京区,きょうとしなかぎょうく,075,604-00 604-08 604-09 604-80 604-81 604-82 604-83 604-84 604-88
26,京都市東山区,きょうとしひがしやまく,075,605-00 605-08 605-09
26,京都市下京区,きょうとししもぎょうく,075,600-00 600-80 600-81 600-82 600-83 600-84 600-88
26,京都市南区,きょうとしみなみく,075,601-00 601-80 601-81 601-82 601-83 601-84
26,京都市右京区,きょうとしうきょうく,075 0771,601-02 601-03 601-04 601-05 615-00 615-08 615-09 616-00 616-80 616-81 616-82 616-83 616-84
26,京都市伏見区,きょうとしふしみく,075 077,601-13 601-14 612-00 612-08 612-80 612-81 612-82 612-83 612-84 613-09
26,京都市山科区,きょうとしやましなく,075,607-00 607-80 607-81 607-82 607-83 607-84
26,京都市西京区,きょうとしにしきょうく,075,610-00 610-11 615-80 615-81 615-82 615-83 616-00
26,福知山市,ふくちやまし,0773,620-00 620-02 620-03 620-08 620-09 620-13 620-14 629-13
26,舞鶴市,まいづるし,0773,624-01 624-08 624-09 625-00 625-01
26,綾部市,あやべし,0773,623-00 623-01 623-02 623-03 623-11 629-12
26,宇治市,うじし,0774,601-13 611-00
26,宮津市,みやづし,0772,626-00 626-02 629-22
26,亀岡市,かめおかし,0771,621-00 621-01 621-02 621-08
26,城陽市,じょうようし,0774,610-01
26,向日市,むこうし,075,617-00
26,長岡京市,ながおかきょうし,075,617-00 617-08
26,八幡市,やわたし,075,613-08 614-00 614-80 614-81 614-82 614-83
26,京田辺市,きょうたなべし,0774,610-03
26,京丹後市,きょうたんごし,0772,627-00 627-01 627-02 629-25 629-31 629-32 629-34 629-35
26,南丹市,なんたんし,0771,601-07 622-00 629-01 629-02 629-03
26,木津川市,きづがわし,0774,619-02 619-11
26,乙訓郡大山崎町,おとくにぐんおおやまざきちょう,075,618-00
26,久世郡久御山町,くせぐんくみやまちょう,075 0774,613-00
26,綴喜郡井手町,つづきぐんいでちょう,0774,610-03
26,綴喜郡宇治田原町,つづきぐんうじたわらちょう,0774,610-02
26,相楽郡笠置町,そうらくぐんかさぎちょう,0743,619-13
26,相楽郡和束町,そうらくぐんわづかちょう,0774,619-12
26,相楽郡精華町,そうらくぐんせいかちょう,0774,619-02
26,相楽郡南山城村,そうらくぐんみなみやましろむら,0743,619-14
26,船井郡京丹波町,ふないぐんきょうたんばちょう,0771,622-02 622-03 622-04 629-11
26,与謝郡伊根町,よさぐんいねちょう,0772,626-04
26,与謝郡与謝野町,よさぐんよさのちょう,0772,629-22 629-23 629-24
27,大阪市,おおさかし,,
27,大阪市都島区,おおさかしみやこじまく,06,534-00
27,大阪市福島区,おおさかしふくしまく,06,553-00
27,大阪市此花区,おおさかしこのはなく,06,554-00
27,大阪市西区,おおさかしにしく,06,550-00
27,大阪市港区,おおさかしみなとく,06,552-00
27,大阪市大正区,おおさかしたいしょうく,06,551-00
27,大阪市天王寺区,おおさかしてんのうじく,06,543-00
27,大阪市浪速区,おおさかしなにわく,06,556-00
27,大阪市西淀川区,おおさかしにしよどがわく,06,555-00
27,大阪市東淀川区,おおさかしひがしよどがわく,06,533-00
27,大阪市東成区,おおさかしひがしなりく,06,537-00
27,大阪市生野区,おおさかしいくのく,06,544-00
27,大阪市旭区,おおさかしあさひく,06,535-00
27,大阪市城東区,おおさかしじょうとうく,06,536-00
27,大阪市阿倍野区,おおさかしあべのく,06,545-00
27,大阪市住吉区,おおさかしすみよしく,06,558-00
27,大阪市東住吉区,おおさかしひがしすみよしく,06 072,546-00
27,大阪市西成区,おおさかしにしなりく,06,557-00
27,大阪市淀川区,おおさかしよどがわく,06,532-00
27,大阪市鶴見区,おおさかしつるみく,06,538-00
27,大阪市住之江区,おおさかしすみのえく,06,559-00
27,大阪市平野区,おおさかしひらのく,06 072,547-00
27,大阪市北区,おおさかしきたく,06,530-00 530-60 531-00 531-60 531-61
27,大阪市中央区,おおさかしちゅうおうく,06,539-00 540-00 540-60 540-61 540-62 540-63 541-00 542-00
27,堺市,さかいし,,
27,堺市堺区,さかいしさかいく,072,590-00 590-08 590-09
27,堺市中区,さかいしなかく,072,590-01 599-00 599-82
27,堺市東区,さかいしひがしく,072,599-00 599-81
27,堺市西区,さかいしにしく,072,592-83 593-00 593-83
27,堺市南区,さかいしみなみく,072,590-01
27,堺市北区,さかいしきたく,072,591-00 591-80
27,堺市美原区,さかいしみはらく,072,587-00
27,岸和田市,きしわだし,072,596-00 596-01 596-08
27,豊中市,とよなかし,06,560-00 561-08
27,池田市,いけだし,072 06,563-00
27,吹田市,すいたし,06,564-00 565-08
27,泉大津市,いずみおおつし,0725,595-00
27,高槻市,たかつきし,072,569-00 569-08 569-10 569-11
27,貝塚市,かいづかし,072,590-04 596-09 597-00 597-01
27,守口市,もりぐちし,06,570-00
27,枚方市,ひらかたし,072,573-00 573-01 573-11
27,茨木市,いばらきし,072,567-00 567-08 568-00
27,八尾市,やおし,072 06,581-00 581-08
27,泉佐野市,いずみさのし,072,549-00 598-00
27,富田林市,とんだばやしし,0721 072,584-00
27,寝屋川市,ねやがわし,072,572-00 572-08
27,河内長野市,かわちながのし,0721,586-00
27,松原市,まつばらし,072,580-00
27,大東市,だいとうし,072,574-00
27,和泉市,いずみし,0725,594-00 594-11
27,箕面市,みのおし,072,562-00 563-02
27,柏原市,かしわらし,072,582-00
27,羽曳野市,はびきのし,072,583-00 583-08
27,門真市,かどまし,072 06,571-00
27,摂津市,せっつし,072 06,566-00
27,高石市,たかいしし,072,592-00 595-00
27,藤井寺市,ふじいでらし,072,583-00
27,東大阪市,ひがしおおさかし,06 072,577-00 577-08 578-09 579-80 630-02
27,泉南市,せんなんし,072,549-00 590-05
27,四條畷市,しじょうなわてし,072 0743,575-00
27,交野市,かたのし,072,576-00
27,大阪狭山市,おおさかさやまし,072,589-00
27,阪南市,はんなんし,072,599-02
27,三島郡島本町,みしまぐんしまもとちょう,075,618-00
27,豊能郡豊能町,とよのぐんとよのちょう,072,563-01 563-02
27,豊能郡能勢町,とよのぐんのせちょう,072,563-01 563-03
27,泉北郡忠岡町,せんぼくぐんただおかちょう,0725 072,595-00 595-08
27,泉南郡熊取町,せんなんぐんくまとりちょう,072,590-04
27,泉南郡田尻町,せんなんぐんたじりちょう,072,549-00 598-00
27,泉南郡岬町,せんなんぐんみさきちょう,072,599-03
27,南河内郡太子町,みなみかわちぐんたいしちょう,0721,583-00 583-09
27,南河内郡河南町,みなみかわちぐんかなんちょう,0721,585-00
27,南河内郡千早赤阪村,みなみかわちぐんちはやあかさかむら,0721,585-00
28,神戸市,こうべし,,
28,神戸市東灘区,こうべしひがしなだく,078,657-01 658-00
28,神戸市灘区,こうべしなだく,078,657-00 657-01 657-08
28,神戸市兵庫区,こうべしひょうごく,078,652-00 652-08
28,神戸市長田区,こうべしながたく,078,653-00 653-08
28,神戸市須磨区,こうべしすまく,078,654-00 654-01
28,神戸市垂水区,こうべしたるみく,078,655-00 655-08
28,神戸市北区,こうべしきたく,078,651-11 651-12 651-13 651-14 651-15 651-16 652-00 669-11
28,神戸市中央区,こうべしちゅうおうく,078,650-00 651-00
28,神戸市西区,こうべしにしく,078,650-00 651-21 651-22 651-23 651-24
28,姫路市,ひめじし,079 0790,670-00 670-08 670-09 671-01 671-02 671-11 671-12 671-21 671-22 671-24 672-01 672-80 679-21 679-42
28,尼崎市,あまがさきし,06,660-00 660-08 661-00 661-09
28,明石市,あかしし,078,673-00 673-08 674-00
28,西宮市,にしのみやし,0798 078 0797,651-14 662-00 662-08 662-09 663-80 663-81 663-82 669-11 669-12
28,洲本市,すもとし,0799,656-00 656-01 656-13 656-21 656-25
28,芦屋市,あしやし,0797,659-00
28,伊丹市,いたみし,072,563-08 664-00 664-08
28,相生市,あいおいし,0791,678-00 678-01
28,豊岡市,とよおかし,0796,668-00 668-02 668-03 668-08 669-53 669-61 669-62 669-63
28,加古川市,かこがわし,079 078,675-00 675-01 675-03 675-12
28,赤穂市,あこうし,0791,678-01 678-02 678-11
28,西脇市,にしわきし,0795,677-00 679-03
28,宝塚市,たからづかし,0797 072 0798,665-00 665-08 666-01 669-12
28,三木市,みきし,0794,673-04 673-05 673-07 673-11 673-12
28,高砂市,たかさごし,079,671-01 676-00 676-08
28,川西市,かわにしし,072,665-08 666-00 666-01
28,小野市,おのし,0794,675-13
28,三田市,さんだし,079,669-13 669-14 669-15
28,加西市,かさいし,0790,675-00 675-21 675-22 675-23 675-24 679-01
28,篠山市,ささやまし,079,669-21 669-22 669-23 669-24 669-25 669-26 669-27 669-28
28,養父市,やぶし,079,667-00 667-01 667-03 667-04 667-11
28,丹波市,たんばし,0795,669-31 669-33 669-34 669-35 669-36 669-38 669-41 669-42 669-43
28,南あわじ市,みなみあわじし,0799,656-01 656-03 656-04 656-05 656-06 656-09
28,朝来市,あさごし,079,669-51 669-52 679-33 679-34
28,淡路市,あわじし,0799,656-15 656-16 656-17 656-21 656-22 656-23 656-24
28,宍粟市,しそうし,0790,671-25 671-32 671-41 671-42
28,加東市,かとうし,0795,673-13 673-14 679-02
28,たつの市,たつのし,0791 079,671-13 671-16 679-40 679-41 679-43 679-51
28,川辺郡猪名川町,かわべぐんいながわちょう,072,666-02
28,多可郡多可町,たかぐんたかちょう,0795,677-01 679-11 679-12 679-13
28,加古郡稲美町,かこぐんいなみちょう,079,675-11
28,加古郡播磨町,かこぐんはりまちょう,079 078,675-01
28,神崎郡市川町,かんざきぐんいちかわちょう,0790,679-23
28,神崎郡福崎町,かんざきぐんふくさきちょう,0790,679-22
28,神崎郡神河町,かんざきぐんかみかわちょう,0790,679-24 679-31
28,揖保郡太子町,いぼぐんたいしちょう,079,671-15
28,赤穂郡上郡町,あこうぐんかみごおりちょう,0791,678-12
28,佐用郡佐用町,さようぐんさようちょう,0790,679-51 679-52 679-53 679-55 679-56
28,美方郡香美町,みかたぐんかみちょう,0796,667-13 667-15 669-64 669-65 669-66
28,美方郡新温泉町,みかたぐんしんおんせんちょう,0796,669-67 669-68 669-69
29,奈良市,ならし,0742 0743,630-00 630-11 630-12 630-21 630-23 630-80 630-81 630-82 630-83 630-84 631-00 631-08 632-01 632-02
29,大和高田市,やまとたかだし,0745,635-00
29,大和郡山市,やまとこおりやまし,0743,639-10 639-11
29,天理市,てんりし,0743,632-00 632-01
29,橿原市,かしはらし,0744,634-00 634-08
29,桜井市,さくらいし,0744,633-00 633-01
29,五條市,ごじょうし,0747,637-00 637-01 637-02 637-04 638-06
29,御所市,ごせし,0745,639-22 639-23
29,生駒市,いこまし,0743,630-01 630-02
29,香芝市,かしばし,0745,639-02
29,葛城市,かつらぎし,0745,639-02 639-21
29,宇陀市,うだし,0745 0743,632-02 633-02 633-03 633-04 633-21 633-22
29,山辺郡山添村,やまべぐんやまぞえむら,0743,630-00 630-22 630-23
29,生駒郡平群町,いこまぐんへぐりちょう,0745,636-00 636-09
29,生駒郡三郷町,いこまぐんさんごうちょう,0745,636-00 636-08
29,生駒郡斑鳩町,いこまぐんいかるがちょう,0745,636-01
29,生駒郡安堵町,いこまぐんあんどちょう,0743,639-10 639-11
29,磯城郡川西町,しきぐんかわにしちょう,0745 0743,636-02 636-03
29,磯城郡三宅町,しきぐんみやけちょう,0745,636-02 636-03
29,磯城郡田原本町,しきぐんたわらもとちょう,0744,636-02 636-03
29,宇陀郡曽爾村,うだぐんそにむら,0745,633-12
29,宇陀郡御杖村,うだぐんみつえむら,0745,633-13
29,高市郡高取町,たかいちぐんたかとりちょう,0744 0745,635-01
29,高市郡明日香村,たかいちぐんあすかむら,0744,634-01
29,北葛城郡上牧町,きたかつらぎぐんかんまきちょう,0745,639-02
29,北葛城郡王寺町,きたかつらぎぐんおうじちょう,0745,636-00
29,北葛城郡広陵町,きたかつらぎぐんこうりょうちょう,0745,635-00 635-08
29,北葛城郡河合町,きたかつらぎぐんかわいちょう,0745,636-00
29,吉野郡吉野町,よしのぐんよしのちょう,0746,639-31 639-33 639-34
29,吉野郡大淀町,よしのぐんおおよどちょう,0747 0745 0746,638-00 638-08 639-31
29,吉野郡下市町,よしのぐんしもいちちょう,0747,638-00
29,吉野郡黒滝村,よしのぐんくろたきむら,0747,638-02
29,吉野郡天川村,よしのぐんてんかわむら,0747,638-03 638-04 638-05
29,吉野郡野迫川村,よしのぐんのせがわむら,0747,637-04 648-03
29,吉野郡十津川村,よしのぐんとつかわむら,0746,637-11 637-12 637-13 637-14 637-15 637-16 647-12 647-15
29,吉野郡下北山村,よしのぐんしもきたやまむら,07468,639-38
29,吉野郡上北山村,よしのぐんかみきたやまむら,07468,639-37
29,吉野郡川上村,よしのぐんかわかみむら,0746,639-35 639-36
29,吉野郡東吉野村,よしのぐんひがしよしのむら,0746,633-23 633-24
30,和歌山市,わかやまし,073,640-00 640-01 640-03 640-80 640-81 640-82 640-83 640-84 641-00 649-62 649-63
30,海南市,かいなんし,073,640-04 640-11 642-00 649-01
30,橋本市,はしもとし,0736,648-00 649-72
30,有田市,ありだし,0737,649-03 649-04
30,御坊市,ごぼうし,0738,644-00 649-13
30,田辺市,たなべし,0739 0735,645-03 645-04 645-05 646-00 646-01 646-02 646-11 646-12 646-13 646-14 647-17
30,新宮市,しんぐうし,0735,647-00 647-11 647-12
30,紀の川市,きのかわし,0736,640-04 640-13 649-61 649-64 649-65 649-66
30,岩出市,いわでし,0736,649-62
30,海草郡紀美野町,かいそうぐんきみのちょう,073,640-11 640-12 640-13 640-14
30,伊都郡かつらぎ町,いとぐんかつらぎちょう,0736 0737,640-14 643-06 648-02 649-71
30,伊都郡九度山町,いとぐんくどやまちょう,0736,648-01
30,伊都郡高野町,いとぐんこうやちょう,0736,648-01 648-02 648-04
30,有田郡湯浅町,ありだぐんゆあさちょう,0737,643-00
30,有田郡広川町,ありだぐんひろがわちょう,0737,643-00
30,有田郡有田川町,ありだぐんありだがわちょう,0737,643-00 643-01 643-03 643-05 643-06 643-08
30,日高郡美浜町,ひだかぐんみはまちょう,0738,644-00
30,日高郡日高町,ひだかぐんひだかちょう,0738,649-12
30,日高郡由良町,ひだかぐんゆらちょう,0738,649-11
30,日高郡印南町,ひだかぐんいなみちょう,0738,644-02 649-15
30,日高郡みなべ町,ひだかぐんみなべちょう,0739,645-00 645-02
30,日高郡日高川町,ひだかぐんひだかがわちょう,0738,644-11 644-12 645-05 649-13 649-14
30,西牟婁郡白浜町,にしむろぐんしらはまちょう,0739,646-03 649-22 649-23 649-25
30,西牟婁郡上富田町,にしむろぐんかみとんだちょう,0739,646-11 649-21
30,西牟婁郡すさみ町,にしむろぐんすさみちょう,0739,649-26 649-31
30,東牟婁郡那智勝浦町,ひがしむろぐんなちかつうらちょう,0735,649-51 649-53 649-54
30,東牟婁郡太地町,ひがしむろぐんたいじちょう,0735,649-51 649-53
30,東牟婁郡古座川町,ひがしむろぐんこざがわちょう,0735,649-41 649-42 649-44 649-45
30,東牟婁郡北山村,ひがしむろぐんきたやまむら,0735,647-16
30,東牟婁郡串本町,ひがしむろぐんくしもとちょう,0735,649-35 649-36 649-41
31,鳥取市,とっとりし,0857 0858,680-00 680-01 680-02 680-08 680-09 680-11 680-12 680-14 680-80 689-01 689-02 689-03 689-04 689-05 689-11 689-12 689-13
31,米子市,よなごし,0859,683-00 683-01 683-02 683-08 689-34 689-35
31,倉吉市,くらよしし,0858,682-00 682-04 682-06 682-08 682-09
31,境港市,さかいみなとし,0859,684-00
31,岩美郡岩美町,いわみぐんいわみちょう,0857,681-00
31,八頭郡若桜町,やずぐんわかさちょう,0858,680-07
31,八頭郡智頭町,やずぐんちづちょう,0858,689-14
31,八頭郡八頭町,やずぐんやずちょう,0858,680-03 680-04 680-05 680-06
31,東伯郡三朝町,とうはくぐんみささちょう,0858,682-01 682-03
31,東伯郡湯梨浜町,とうはくぐんゆりはまちょう,0858,682-07 689-06 689-07
31,東伯郡琴浦町,とうはくぐんことうらちょう,0858,689-23 689-25
31,東伯郡北栄町,とうはくぐんほくえいちょう,0858,689-21 689-22
31,西伯郡日吉津村,さいはくぐんひえづそん,0859,689-35
31,西伯郡大山町,さいはくぐんだいせんちょう,0859 0858,689-31 689-32 689-33
31,西伯郡南部町,さいはくぐんなんぶちょう,0859,683-02 683-03
31,西伯郡伯耆町,さいはくぐんほうきちょう,0859,689-41 689-42
31,日野郡日南町,ひのぐんにちなんちょう,0859,689-52 689-55 689-56
31,日野郡日野町,ひのぐんひのちょう,0859,689-45 689-51
31,日野郡江府町,ひのぐんこうふちょう,0859,689-44
32,松江市,まつえし,0852,690-00 690-01 690-02 690-03 690-04 690-08 690-11 690-12 690-13 690-14 690-15 690-21 699-01 699-02 699-04
32,浜田市,はまだし,0855,695-01 697-00 697-01 697-02 697-03 697-04 697-05 697-11 697-12 697-13 699-32 699-33
32,出雲市,いずもし,0853,691-00 693-00 693-01 693-02 693-05 699-07 699-08 699-09
32,益田市,ますだし,0856,698-00 698-02 698-04 698-12 698-21 698-22 699-35 699-36 699-37 699-51
32,大田市,おおだし,0854 0855,694-00 694-02 694-03 694-04 699-22 699-23 699-25
32,安来市,やすぎし,0854,692-00 692-02 692-03 692-04 692-06 692-07
32,江津市,ごうつし,0855,695-00 695-01 699-28 699-31 699-41 699-42 699-44 699-45
32,雲南市,うんなんし,0854,690-23 690-24 690-25 690-26 690-27 690-28 699-11 699-12 699-13 699-14
32,仁多郡奥出雲町,にたぐんおくいずもちょう,0854,699-14 699-15 699-16 699-17 699-18 699-19
32,飯石郡飯南町,いいしぐんいいなんちょう,0854,690-32 690-33 690-34 690-35
32,邑智郡川本町,おおちぐんかわもとまち,0855,696-00 696-12
32,邑智郡美郷町,おおちぐんみさとちょう,0855,696-07 696-11 699-46 699-47
32,邑智郡邑南町,おおちぐんおおなんちょう,0855,696-01 696-02 696-03 696-04 696-05 696-06 697-06 699-43
32,鹿足郡津和野町,かのあしぐんつわのちょう,0856,699-52 699-56
32,鹿足郡吉賀町,かのあしぐんよしかちょう,0856,699-53 699-55
32,隠岐郡海士町,おきぐんあまちょう,08514,684-04
32,隠岐郡西ノ島町,おきぐんにしのしまちょう,08514,684-02 684-03
32,隠岐郡知夫村,おきぐんちぶむら,08514,684-01
32,隠岐郡隠岐の島町,おきぐんおきのしまちょう,08512,685-00 685-01 685-03 685-04
33,岡山市,おかやまし,,
33,岡山市北区,おかやましきたく,086 0867,700-00 700-08 700-09 701-01 701-11 701-12 701-13 701-14 701-15 701-16 701-21 703-82 709-21 709-31
33,岡山市中区,おかやましなかく,086,700-00 702-80 703-82
33,岡山市東区,おかやましひがしく,086,700-00 703-82 704-81 709-06 709-08
33,岡山市南区,おかやましみなみく,086 08636,700-00 700-08 700-09 701-02 702-80 709-12 710-01
33,倉敷市,くらしきし,086 0866,701-01 709-11 710-00 710-01 710-02 710-08 710-13 711-09 712-80 713-81
33,津山市,つやまし,0868,708-00 708-08 708-11 708-12 709-39 709-46
33,玉野市,たまのし,0863,706-00 706-01 706-02 706-03
33,笠岡市,かさおかし,0865,714-00 714-03
33,井原市,いばらし,0866,714-14 714-21 714-22 714-23 715-00
33,総社市,そうじゃし,0866,710-12 719-11 719-13
33,高梁市,たかはしし,0866,716-00 716-01 716-02 716-03 716-13 719-21 719-22 719-23 719-24
33,新見市,にいみし,0867,718-00 718-01 718-02 718-03 719-25 719-26 719-27 719-28 719-35 719-36 719-37 719-38
33,備前市,びぜんし,0869,701-32 705-00 705-01 709-02 709-03
33,瀬戸内市,せとうちし,0869,701-42 701-43 701-45
33,赤磐市,あかいわし,086 08699,701-22 701-24 701-25 709-07 709-08
33,真庭市,まにわし,0866 0867,716-14 717-00 717-01 717-04 717-05 717-06 717-07 719-31 719-32
33,美作市,みまさかし,0868,701-26 707-00 707-01 707-02 707-04 709-42
33,浅口市,あさくちし,0865,714-01 719-01 719-02
33,和気郡和気町,わけぐんわけちょう,0869,709-04 709-05
33,都窪郡早島町,つくぼぐんはやしまちょう,086,701-03
33,浅口郡里庄町,あさくちぐんさとしょうちょう,0865,719-03
33,小田郡矢掛町,おだぐんやかげちょう,0866,714-12
33,真庭郡新庄村,まにわぐんしんじょうそん,0867,717-02
33,苫田郡鏡野町,とまたぐんかがみのちょう,0868 0867,708-03 708-04 708-05 708-06 719-33
33,勝田郡勝央町,かつたぐんしょうおうちょう,0868,709-43
33,勝田郡奈義町,かつたぐんなぎちょう,0868,708-13
33,英田郡西粟倉村,あいだぐんにしあわくらそん,0868,707-05
33,久米郡久米南町,くめぐんくめなんちょう,0867,709-36
33,久米郡美咲町,くめぐんみさきちょう,0868 0867 086,708-15 709-34 709-37
33,加賀郡吉備中央町,かがぐんきびちゅうおうちょう,0867 0866,709-23 709-24 709-25 709-26 716-11 716-12 716-15
34,広島市,ひろしまし,,
34,広島市中区,ひろしましなかく,082,730-00 730-08
34,広島市東区,ひろしましひがしく,082,732-00
34,広島市南区,ひろしましみなみく,082,732-08 734-00
34,広島市西区,ひろしましにしく,082,733-00 733-08
34,広島市安佐南区,ひろしましあさみなみく,082,731-01 731-31 731-32
34,広島市安佐北区,ひろしましあさきたく,082,731-02 731-11 731-12 731-33 739-13 739-14 739-15 739-17
34,広島市安芸区,ひろしましあきく,082,731-42 736-00 739-03
34,広島市佐伯区,ひろしましさえきく,082 0829,731-51 738-05 738-06 738-07
34,呉市,くれし,0823 0846,729-25 729-26 734-01 734-03 737-00 737-01 737-03 737-04 737-08 737-09 737-12 737-13
34,竹原市,たけはらし,0846,725-00 729-23
34,三原市,みはらし,0848 0847,722-13 722-14 722-15 723-00 723-01 729-03 729-04 729-12 729-13 729-14 729-22 729-23
34,尾道市,おのみちし,0848 0845,720-05 722-00 722-02 722-03 722-04 722-15 722-21 722-22 722-23 722-24 729-01
34,福山市,ふくやまし,084 0847,720-00 720-02 720-03 720-04 720-05 720-08 720-11 720-12 720-21 720-24 720-25 720-26 721-00 721-09 722-26 729-01 729-02 729-31
34,府中市,ふちゅうし,0847,722-04 726-00 729-32 729-34
34,三次市,みよしし,0824 0847,728-00 728-01 728-02 728-04 728-06 729-41 729-42 729-43 729-62 729-63 729-66 729-67
34,庄原市,しょうばらし,0824 08477,720-19 727-00 727-01 727-02 727-03 727-04 727-06 728-05 729-37 729-51 729-52 729-54 729-55 729-56 729-57 729-58 729-61
34,大竹市,おおたけし,0827,739-06
34,東広島市,ひがしひろしまし,082 0823 0846,724-02 724-03 724-05 724-06 724-07 729-11 729-24 739-00 739-01 739-02 739-21
34,廿日市市,はつかいちし,0829 0827,738-00 738-02 738-03 739-04 739-05 739-06
34,安芸高田市,あきたかたし,0826,731-03 731-05 731-06 731-07 739-11 739-12 739-18
34,江田島市,えたじまし,0823,737-21 737-22 737-23
34,安芸郡府中町,あきぐんふちゅうちょう,082,735-00
34,安芸郡海田町,あきぐんかいたちょう,082,736-00
34,安芸郡熊野町,あきぐんくまのちょう,082,731-42
34,安芸郡坂町,あきぐんさかちょう,082,731-43
34,山県郡安芸太田町,やまがたぐんあきおおたちょう,0826,731-34 731-35 731-36 731-37 731-38
34,山県郡北広島町,やまがたぐんきたひろしまちょう,0826,731-12 731-15 731-17 731-21 731-22 731-23 731-24 731-25 731-35
34,豊田郡大崎上島町,とよたぐんおおさきかみじまちょう,0846,725-02 725-03 725-04
34,世羅郡世羅町,せらぐんせらちょう,0847,722-04 722-11 722-12 722-16 722-17 729-33 729-67
34,神石郡神石高原町,じんせきぐんじんせきこうげんちょう,0847,720-14 720-15 720-16 720-17 720-18 720-19 729-35 729-36
35,下関市,しものせきし,0832 0837,750-00 750-02 750-03 750-04 750-11 751-08 752-09 759-51 759-52 759-53 759-55 759-61 759-63 759-65 759-66
35,宇部市,うべし,0836,754-13 755-00 755-01 755-02 755-08 757-02 757-04 759-01 759-02
35,山口市,やまぐちし,083 0835 0836,747-02 747-03 747-04 747-05 747-06 747-12 753-00 753-02 753-03 753-08 754-00 754-08 754-11 754-12 759-12 759-13 759-14 759-15 759-16
35,萩市,はぎし,0838 08387 08388,753-01 754-04 758-00 758-01 758-02 758-03 758-05 758-07 759-31 759-32 759-33 759-34 759-36 759-37
35,防府市,ほうふし,0835,747-00 747-01 747-08 747-11 747-12
35,下松市,くだまつし,0833,744-00 744-02
35,岩国市,いわくにし,0827,740-00 740-03 740-05 740-06 740-07 740-08 740-09 740-12 740-14 741-00 742-03 742-04
35,光市,ひかりし,0833 0820,743-00 743-01
35,長門市,ながとし,0837,759-38 759-41 759-42 759-44 759-45 759-46 759-47
35,柳井市,やないし,0820,742-00 742-01 742-02 742-13 749-01
35,美祢市,みねし,0837 08396,750-06 754-01 754-02 754-03 754-05 754-06 759-21 759-22 759-23
35,周南市,しゅうなんし,0834 0833,745-00 745-01 745-02 745-03 745-04 745-05 745-06 745-08 745-11 746-00 746-01 747-06
35,山陽小野田市,さんようおのだし,0836,756-00 756-08 757-00
35,大島郡周防大島町,おおしまぐんすおうおおしまちょう,0820,742-21 742-23 742-25 742-26 742-27 742-28 742-29
35,玖珂郡和木町,くがぐんわきちょう,0827,740-00
35,熊毛郡上関町,くまげぐんかみのせきちょう,0820,742-14
35,熊毛郡田布施町,くまげぐんたぶせちょう,0820,742-15
35,熊毛郡平生町,くまげぐんひらおちょう,0820,742-11
35,阿武郡阿武町,あぶぐんあぶちょう,08388,758-06 759-35 759-36
36,徳島市,とくしまし,088,770-00 770-08 770-09 770-80 771-01 771-11 771-42 773-00 779-31
36,鳴門市,なるとし,088,771-03 772-00 779-02 779-03
36,小松島市,こまつしまし,0885,773-00
36,阿南市,あなんし,0884,771-51 774-00 774-17 779-11 779-12 779-14 779-15 779-16 779-17
36,吉野川市,よしのがわし,0883,776-00 779-33 779-34 779-35
36,阿波市,あわし,088 0883,771-14 771-15 771-16 771-17
36,美馬市,みまし,0883,771-21 777-00 777-03 779-36 779-37
36,三好市,みよしし,0883,771-23 778-00 778-01 778-02 778-52 779-48 779-51 779-53 779-54
36,勝浦郡勝浦町,かつうらぐんかつうらちょう,0885,771-43
36,勝浦郡上勝町,かつうらぐんかみかつちょう,0885,771-45
36,名東郡佐那河内村,みょうどうぐんさなごうちそん,088,771-41
36,名西郡石井町,みょうざいぐんいしいちょう,088,779-32
36,名西郡神山町,みょうざいぐんかみやまちょう,088,771-32 771-33 771-34
36,那賀郡那賀町,なかぐんなかちょう,0884,771-52 771-53 771-54 771-55 771-61 771-63 771-64 771-65
36,海部郡牟岐町,かいふぐんむぎちょう,0884,775-00
36,海部郡美波町,かいふぐんみなみちょう,0884,779-21 779-23
36,海部郡海陽町,かいふぐんかいようちょう,0884,775-01 775-02 775-03 775-04 775-05
36,板野郡松茂町,いたのぐんまつしげちょう,088,771-02
36,板野郡北島町,いたのぐんきたじまちょう,088,771-02
36,板野郡藍住町,いたのぐんあいずみちょう,088,771-12
36,板野郡板野町,いたのぐんいたのちょう,088,779-01
36,板野郡上板町,いたのぐんかみいたちょう,088,771-13
36,美馬郡つるぎ町,みまぐんつるぎちょう,0883,779-41 779-43 779-44
36,三好郡東みよし町,みよしぐんひがしみよしちょう,0883,771-25 779-47
37,高松市,たかまつし,087,760-00 761-01 761-03 761-04 761-14 761-15 761-16 761-17 761-80 769-01
37,丸亀市,まるがめし,0877,761-24 762-00 763-00 763-01 763-02
37,坂出市,さかいでし,0877,762-00
37,善通寺市,ぜんつうじし,0877,765-00
37,観音寺市,かんおんじし,0875 0896,768-00 769-16
37,さぬき市,さぬきし,0879 087,761-09 769-21 769-23 769-24
37,東かがわ市,ひがしかがわし,0879,769-25 769-26 769-27 769-29
37,三豊市,みとよし,0875,767-00 768-01 769-04 769-11 769-14 769-15
37,小豆郡土庄町,しょうずぐんとのしょうちょう,0879,761-41 761-46
37,小豆郡小豆島町,しょうずぐんしょうどしまちょう,0879,761-41 761-43 761-44
37,木田郡三木町,きたぐんみきちょう,087,761-06 761-07 761-08
37,香川郡直島町,かがわぐんなおしまちょう,087,761-31
37,綾歌郡宇多津町,あやうたぐんうたづちょう,0877,769-02
37,綾歌郡綾川町,あやうたぐんあやがわちょう,087,761-21 761-22 761-23
37,仲多度郡琴平町,なかたどぐんことひらちょう,0877,766-00
37,仲多度郡多度津町,なかたどぐんたどつちょう,0877,764-00
37,仲多度郡まんのう町,なかたどぐんまんのうちょう,0877,766-00 766-02 769-03
38,松山市,まつやまし,089,790-00 790-08 790-09 791-00 791-01 791-02 791-11 791-43 791-44 791-45 791-80 799-24 799-26
38,今治市,いまばりし,0898 0897,792-00 794-00 794-01 794-08 794-11 794-13 794-14 794-21 794-22 794-23 799-15 799-16 799-21 799-22 799-23
38,宇和島市,うわじまし,0895,798-00 798-01 798-02 798-11 798-21 798-32 798-33 799-37
38,八幡浜市,やわたはまし,0894,796-00 796-01 796-02 796-80
38,新居浜市,にいはまし,0897,792-00 792-08 799-06
38,西条市,さいじょうし,0897 0898,791-05 793-00 793-01 793-02 799-11 799-13
38,大洲市,おおずし,0893,795-00 797-15 797-16 799-34
38,伊予市,いよし,089,791-32 799-31 799-32 799-33
38,四国中央市,しこくちゅうおうし,0896,799-01 799-03 799-04 799-06 799-07
38,西予市,せいよし,0894,796-09 797-00 797-01 797-02 797-11 797-12 797-13 797-14 797-17
38,東温市,とうおんし,089,791-02 791-03
38,越智郡上島町,おちぐんかみじまちょう,0897,794-24 794-25
38,上浮穴郡久万高原町,かみうけなぐんくまこうげんちょう,0892,791-12 791-15 791-17 791-18
38,伊予郡松前町,いよぐんまさきちょう,089,791-31
38,伊予郡砥部町,いよぐんとべちょう,089,791-21 791-22
38,喜多郡内子町,きたぐんうちこちょう,0893 0892,791-33 791-35 795-03
38,西宇和郡伊方町,にしうわぐんいかたちょう,0894,796-03 796-04 796-05 796-06 796-08
38,北宇和郡松野町,きたうわぐんまつのちょう,0895,798-21
38,北宇和郡鬼北町,きたうわぐんきほくちょう,0895,798-13 798-15
38,南宇和郡愛南町,みなみうわぐんあいなんちょう,0895,798-37 798-41 798-42 798-43 798-44
39,高知市,こうちし,088,780-00 780-08 780-09 780-80 781-00 781-01 781-02 781-03 781-31 781-32 781-51 781-81
39,室戸市,むろとし,0887,781-67 781-68 781-71 781-72
39,安芸市,あきし,0887,784-00 784-02
39,南国市,なんこくし,088,783-00
39,土佐市,とさし,088,781-11
39,須崎市,すさきし,0889 088,785-00 785-01
39,宿毛市,すくもし,0880,788-00 788-02 788-06 788-07
39,土佐清水市,とさしみずし,0880,787-02 787-03 787-04 787-05
39,四万十市,しまんとし,0880,787-00 787-01 787-06 787-07 787-11 787-12 787-13 787-14 787-15 787-16
39,香南市,こうなんし,0887,781-52 781-53 781-54 781-56
39,香美市,かみし,0887,781-42 781-44 781-45 781-46 782-00 784-00 789-05
39,安芸郡東洋町,あきぐんとうようちょう,0887,781-73 781-74
39,安芸郡奈半利町,あきぐんなはりちょう,0887,781-64
39,安芸郡田野町,あきぐんたのちょう,0887,781-64
39,安芸郡安田町,あきぐんやすだちょう,0887,781-64
39,安芸郡北川村,あきぐんきたがわむら,0887,781-64
39,安芸郡馬路村,あきぐんうまじむら,0887,781-62
39,安芸郡芸西村,あきぐんげいせいむら,0887,781-57
39,長岡郡本山町,ながおかぐんもとやまちょう,0887,781-36
39,長岡郡大豊町,ながおかぐんおおとよちょう,0887,789-01 789-02 789-03 789-04 789-05
39,土佐郡土佐町,とさぐんとさちょう,0887,781-33 781-34 781-35 781-37
39,土佐郡大川村,とさぐんおおかわむら,0887,781-37
39,吾川郡いの町,あがわぐんいのちょう,088,781-21 781-23 781-24 781-25 781-26
39,吾川郡仁淀川町,あがわぐんによどがわちょう,0889,781-15 781-16 781-17 781-18 781-19
39,高岡郡中土佐町,たかおかぐんなかとさちょう,0889,789-13 789-14
39,高岡郡佐川町,たかおかぐんさかわちょう,0889,789-12
39,高岡郡越知町,たかおかぐんおちちょう,0889,781-13
39,高岡郡梼原町,たかおかぐんゆすはらちょう,0889,785-06 785-07
39,高岡郡日高村,たかおかぐんひだかむら,0889,781-21
39,高岡郡津野町,たかおかぐんつのちょう,0889,785-02 785-04 785-05
39,高岡郡四万十町,たかおかぐんしまんとちょう,0880,786-00 786-03 786-05
39,幡多郡大月町,はたぐんおおつきちょう,0880,788-03
39,幡多郡三原村,はたぐんみはらむら,0880,787-08
39,幡多郡黒潮町,はたぐんくろしおちょう,0880,789-17 789-19
40,北九州市,きたきゅうしゅうし,,
40,北九州市門司区,きたきゅうしゅうしもじく,093,800-00 800-01 801-08
40,北九州市若松区,きたきゅうしゅうしわかまつく,093,808-00 808-01
40,北九州市戸畑区,きたきゅうしゅうしとばたく,093,804-00
40,北九州市小倉北区,きたきゅうしゅうしこくらきたく,093,802-00 803-08
40,北九州市小倉南区,きたきゅうしゅうしこくらみなみく,093,800-02 800-03 802-00 802-08 802-09 803-01 803-02
40,北九州市八幡東区,きたきゅうしゅうしやはたひがしく,093,805-00
40,北九州市八幡西区,きたきゅうしゅうしやはたにしく,093,806-00 807-00 807-08 807-11 807-12
40,福岡市,ふくおかし,,
40,福岡市東区,ふくおかしひがしく,092,811-02 811-03 812-00 813-00
40,福岡市博多区,ふくおかしはかたく,092,810-08 812-00 816-00
40,福岡市中央区,ふくおかしちゅうおうく,092,810-00
40,福岡市南区,ふくおかしみなみく,092,811-13 815-00
40,福岡市西区,ふくおかしにしく,092,819-00 819-01 819-02 819-03
40,福岡市城南区,ふくおかしじょうなんく,092,814-01
40,福岡市早良区,ふくおかしさわらく,092,811-11 814-00 814-01
40,大牟田市,おおむたし,0944,836-00 836-08 837-09
40,久留米市,くるめし,0942 0943,830-00 830-01 830-02 830-11 839-00 839-08 839-12
40,直方市,のおがたし,0949,822-00
40,飯塚市,いいづかし,0948 09496,820-00 820-01 820-07 820-11
40,田川市,たがわし,0947,825-00 826-00
40,柳川市,やながわし,0944,832-00 832-08 839-02
40,八女市,やめし,0943,834-00 834-02 834-11 834-12 834-14
40,筑後市,ちくごし,0942 0944,833-00
40,大川市,おおかわし,0944,831-00
40,行橋市,ゆくはしし,0930,824-00
40,豊前市,ぶぜんし,0979,828-00
40,中間市,なかまし,093,809-00
40,小郡市,おごおりし,0942,838-01
40,筑紫野市,ちくしのし,092,818-00
40,春日市,かすがし,092,816-00 816-08 816-09
40,大野城市,おおのじょうし,092,816-00 816-08 816-09
40,宗像市,むなかたし,0940,811-34 811-35 811-37 811-41
40,太宰府市,だざいふし,092,818-01
40,古賀市,こがし,092,811-31
40,福津市,ふくつし,0940,811-32 811-33 811-35
40,うきは市,うきはし,0943,839-13 839-14
40,宮若市,みやわかし,0949,822-01 823-00
40,嘉麻市,かまし,0948,820-02 820-03 820-05 821-00
40,朝倉市,あさくらし,0946,838-00 838-13 838-15
40,みやま市,みやまし,0944 0942,835-00 835-01 839-02
40,糸島市,いとしまし,092,819-11 819-13 819-15 819-16
40,筑紫郡那珂川町,ちくしぐんなかがわまち,092,811-12
40,糟屋郡宇美町,かすやぐんうみまち,092,811-21
40,糟屋郡篠栗町,かすやぐんささぐりまち,092,811-24
40,糟屋郡志免町,かすやぐんしめまち,092,811-22
40,糟屋郡須恵町,かすやぐんすえまち,092,811-21 811-22
40,糟屋郡新宮町,かすやぐんしんぐうまち,092,811-01
40,糟屋郡久山町,かすやぐんひさやままち,092,811-25
40,糟屋郡粕屋町,かすやぐんかすやまち,092,811-23 813-00
40,遠賀郡芦屋町,おんがぐんあしやまち,093,807-01
40,遠賀郡水巻町,おんがぐんみずまきまち,093,807-00
40,遠賀郡岡垣町,おんがぐんおかがきまち,093,811-42
40,遠賀郡遠賀町,おんがぐんおんがちょう,093,811-43
40,鞍手郡小竹町,くらてぐんこたけまち,09496,820-11
40,鞍手郡鞍手町,くらてぐんくらてまち,0949,807-13
40,嘉穂郡桂川町,かほぐんけいせんまち,0948,820-06
40,朝倉郡筑前町,あさくらぐんちくぜんまち,0946,838-00 838-02 838-08
40,朝倉郡東峰村,あさくらぐんとうほうむら,0946,838-16 838-17
40,三井郡大刀洗町,みいぐんたちあらいまち,0942,830-12
40,三潴郡大木町,みずまぐんおおきまち,0944,830-04
40,八女郡広川町,やめぐんひろかわまち,0943 0942,834-01
40,田川郡香春町,たがわぐんかわらまち,0947,822-14
40,田川郡添田町,たがわぐんそえだまち,0947,824-04 824-06 824-07
40,田川郡糸田町,たがわぐんいとだまち,0947,822-13
40,田川郡川崎町,たがわぐんかわさきまち,0947,826-00 827-00
40,田川郡大任町,たがわぐんおおとうまち,0947,824-05
40,田川郡赤村,たがわぐんあかむら,0947,824-04
40,田川郡福智町,たがわぐんふくちまち,0947,822-11 822-12
40,京都郡苅田町,みやこぐんかんだまち,093 0930,800-03
40,京都郡みやこ町,みやこぐんみやこまち,0930,824-01 824-02 824-08
40,築上郡吉富町,ちくじょうぐんよしとみまち,0979,871-00 871-08
40,築上郡上毛町,ちくじょうぐんこうげまち,0979,871-02 871-09
40,築上郡築上町,ちくじょうぐんちくじょうまち,0930,829-01 829-03
41,佐賀市,さがし,0952,840-00 840-02 840-05 840-08 840-21 840-22 842-03 849-00 849-02 849-09
41,唐津市,からつし,0955,847-00 847-01 847-03 847-04 847-08 847-11 847-12 847-15 849-31 849-32 849-51
41,鳥栖市,とすし,0942,841-00
41,多久市,たくし,0952,846-00
41,伊万里市,いまりし,0955,848-00 848-01 849-42 849-52
41,武雄市,たけおし,0954,843-00 843-01 843-02 849-22 849-23
41,鹿島市,かしまし,0954,849-13
41,小城市,おぎし,0952,845-00 849-03
41,嬉野市,うれしのし,0954,843-03 849-14
41,神埼市,かんざきし,0952,842-00 842-01 842-02
41,神埼郡吉野ヶ里町,かんざきぐんよしのがりちょう,0952,842-00 842-01
41,三養基郡基山町,みやきぐんきやまちょう,0942,841-02
41,三養基郡上峰町,みやきぐんかみみねちょう,0952,849-01
41,三養基郡みやき町,みやきぐんみやきちょう,0942,840-11 849-01
41,東松浦郡玄海町,ひがしまつうらぐんげんかいちょう,0955,847-14
41,西松浦郡有田町,にしまつうらぐんありたちょう,0955,844-00 849-41
41,杵島郡大町町,きしまぐんおおまちちょう,0952,849-21
41,杵島郡江北町,きしまぐんこうほくまち,0952,849-05
41,杵島郡白石町,きしまぐんしろいしちょう,0952 0954,849-04 849-11 849-12
41,藤津郡太良町,ふじつぐんたらちょう,0954,849-16
42,長崎市,ながさきし,095 0959,850-00 850-08 850-09 851-01 851-02 851-03 851-04 851-05 851-11 851-12 851-13 851-22 851-23 851-24 851-31 851-32 852-80 852-81 857-00
42,佐世保市,させぼし,0956 0959,857-00 857-01 857-04 857-08 857-11 857-12 857-32 857-48 857-49 858-09 859-31 859-32 859-34 859-61 859-62 859-63 859-64
42,島原市,しまばらし,0957,855-00 855-08 859-14
42,諫早市,いさはやし,0957,854-00 854-01 854-02 854-11 859-01 859-03 859-04
42,大村市,おおむらし,0957,856-00 856-08
42,平戸市,ひらどし,0950,859-48 859-51 859-53 859-55 859-57 859-58
42,松浦市,まつうらし,0956 0955,848-04 859-43 859-45 859-47
42,対馬市,つしまし,0920,817-00 817-01 817-02 817-03 817-04 817-05 817-11 817-12 817-13 817-14 817-15 817-16 817-17 817-22 817-23
42,壱岐市,いきし,0920,811-51 811-52 811-53 811-54 811-55 811-57
42,五島市,ごとうし,0959,853-00 853-02 853-03 853-04 853-05 853-06 853-07 853-21 853-22 853-24
42,西海市,さいかいし,0959,851-33 851-34 851-35 857-22 857-23 857-24 857-25 857-31 857-33
42,雲仙市,うんぜんし,0957,854-03 854-04 854-05 854-06 854-07 859-11 859-12 859-13
42,南島原市,みなみしまばらし,0957,859-15 859-21 859-22 859-23 859-24 859-25 859-26
42,西彼杵郡長与町,にしそのぎぐんながよちょう,095,851-21
42,西彼杵郡時津町,にしそのぎぐんとぎつちょう,095,851-21
42,東彼杵郡東彼杵町,ひがしそのぎぐんひがしそのぎちょう,0957,859-38 859-39
42,東彼杵郡川棚町,ひがしそのぎぐんかわたなちょう,0956,859-36
42,東彼杵郡波佐見町,ひがしそのぎぐんはさみちょう,0956,859-37
42,北松浦郡小値賀町,きたまつうらぐんおぢかちょう,0959,857-47
42,北松浦郡佐々町,きたまつうらぐんさざちょう,0956,857-03
42,南松浦郡新上五島町,みなみまつうらぐんしんかみごとうちょう,0959,853-23 853-31 853-33 857-41 857-42 857-44 857-45 857-46
43,熊本市,くまもとし,,
43,熊本市中央区,くまもとしちゅうおうく,096,860-00 860-08 861-00 861-80 862-09
43,熊本市東区,くまもとしひがしく,096,861-00 861-21 861-80 862-09
43,熊本市西区,くまもとしにしく,096,860-00 861-00 861-52 861-53
43,熊本市南区,くまもとしみなみく,096 0964,860-08 861-00 861-41 861-42 861-52 862-09
43,熊本市北区,くまもとしきたく,096,860-00 860-08 861-00 861-01 861-55 861-80
43,八代市,やつしろし,0965,866-00 866-08 869-42 869-43 869-44 869-45 869-46 869-47 869-51 869-52 869-61
43,人吉市,ひとよしし,0966,868-00 868-08
43,荒尾市,あらおし,0968 0944,864-00 864-01
43,水俣市,みなまたし,0966,867-00 867-01 867-02
43,玉名市,たまなし,0968,861-54 865-00 869-02
43,山鹿市,やまがし,0968,861-03 861-04 861-05 861-06
43,菊池市,きくちし,0968,861-12 861-13 861-14 861-16 869-12
43,宇土市,うとし,0964,869-04 869-31
43,上天草市,かみあまくさし,0964 0969,861-61 866-01 866-02 869-36 869-37
43,宇城市,うきし,0964,861-43 869-05 869-06 869-32 869-34
43,阿蘇市,あそし,0967,869-22 869-23 869-24 869-26 869-28
43,天草市,あまくさし,0969,861-63 861-64 861-65 861-72 861-73 863-00 863-01 863-11 863-12 863-14 863-15 863-17 863-19 863-21 863-22 863-23 863-24 863-28 866-03
43,合志市,こうしし,096,861-11
43,下益城郡美里町,しもましきぐんみさとまち,0964,861-44 861-47
43,玉名郡玉東町,たまなぐんぎょくとうまち,0968,869-03
43,玉名郡南関町,たまなぐんなんかんまち,0968,861-08
43,玉名郡長洲町,たまなぐんながすまち,0968,869-01
43,玉名郡和水町,たまなぐんなごみまち,0968,861-09 865-01
43,菊池郡大津町,きくちぐんおおづまち,096,869-12
43,菊池郡菊陽町,きくちぐんきくようまち,096,869-11
43,阿蘇郡南小国町,あそぐんみなみおぐにまち,0967,869-24
43,阿蘇郡小国町,あそぐんおぐにまち,0967,869-25
43,阿蘇郡産山村,あそぐんうぶやまむら,0967,869-27
43,阿蘇郡高森町,あそぐんたかもりまち,0967,869-16 869-18
43,阿蘇郡西原村,あそぐんにしはらむら,096,861-24
43,阿蘇郡南阿蘇村,あそぐんみなみあそむら,0967,869-14 869-15 869-22
43,上益城郡御船町,かみましきぐんみふねまち,096,861-31 861-32 861-33 861-34
43,上益城郡嘉島町,かみましきぐんかしままち,096,861-31
43,上益城郡益城町,かみましきぐんましきまち,096,861-22
43,上益城郡甲佐町,かみましきぐんこうさまち,096,861-32 861-46
43,上益城郡山都町,かみましきぐんやまとちょう,0967,861-34 861-35 861-36 861-37 861-38 861-39
43,八代郡氷川町,やつしろぐんひかわちょう,0965 0964,869-46 869-48
43,葦北郡芦北町,あしきたぐんあしきたまち,0966,869-53 869-54 869-55 869-62 869-63
43,葦北郡津奈木町,あしきたぐんつなぎまち,0966,869-56
43,球磨郡錦町,くまぐんにしきまち,0966,868-03
43,球磨郡多良木町,くまぐんたらぎまち,0966,868-05
43,球磨郡湯前町,くまぐんゆのまえまち,0966,868-06
43,球磨郡水上村,くまぐんみずかみむら,0966,868-07
43,球磨郡相良村,くまぐんさがらむら,0966,868-00 868-01
43,球磨郡五木村,くまぐんいつきむら,0966,868-02
43,球磨郡山江村,くまぐんやまえむら,0966,868-00
43,球磨郡球磨村,くまぐんくまむら,0966,869-62 869-64
43,球磨郡あさぎり町,くまぐんあさぎりちょう,0966,868-04
43,天草郡苓北町,あまくさぐんれいほくまち,0969,863-25 863-26
44,大分市,おおいたし,097,870-00 870-01 870-02 870-03 870-08 870-09 870-11 870-12 879-21 879-22 879-75 879-77 879-78
44,別府市,べっぷし,0977,874-00 874-08 874-09 879-55
44,中津市,なかつし,0979,871-00 871-01 871-02 871-03 871-04 871-07 879-01 879-02
44,日田市,ひたし,0973,839-14 877-00 877-01 877-02 877-03 877-11 877-12 877-13 879-41 879-42
44,佐伯市,さいきし,0972,876-00 876-01 876-02 876-08 876-11 876-12 876-13 876-14 876-15 876-21 876-22 876-23 876-24 879-26 879-31 879-32 879-33 879-34
44,臼杵市,うすきし,0972 0974,875-00 875-02 875-03
44,津久見市,つくみし,0972,879-24 879-25 879-26
44,竹田市,たけたし,0974,878-00 878-01 878-02 878-04 878-05 879-61
44,豊後高田市,ぶんごたかだし,0978,872-11 872-12 879-06 879-07 879-08
44,杵築市,きつきし,0978 0977,873-00 879-09 879-13
44,宇佐市,うさし,0978,872-00 872-01 872-03 872-04 872-05 872-06 872-07 872-08 879-01 879-02 879-03 879-04 879-05 879-11
44,豊後大野市,ぶんごおおのし,0974 097,879-62 879-63-879-64 879-66 879-67 879-68 879-69 879-71 879-72 879-73 879-74
44,由布市,ゆふし,097 0977,879-51 879-54 879-55
44,国東市,くにさきし,0978,872-13 872-14 872-16 873-00 873-02 873-03 873-04 873-05 873-06
44,東国東郡姫島村,ひがしくにさきぐんひめしまむら,0978,872-15
44,速見郡日出町,はやみぐんひじまち,0977,879-15
44,玖珠郡九重町,くすぐんここのえまち,0973,879-46 879-47 879-48 879-49
44,玖珠郡玖珠町,くすぐんくすまち,0973,879-43 879-44 879-45 879-47
45,宮崎市,みやざきし,0985,880-00 880-01 880-02 880-03 880-08 880-09 880-21 880-22 880-23 889-16 889-17 889-21 889-23
45,都城市,みやこのじょうし,0986,880-23 885-00 885-01 885-02 885-11 885-12 885-13 889-18 889-45 889-46
45,延岡市,のべおかし,0982,882-00 882-01 882-02 882-08 889-01 889-03 889-05
45,日南市,にちなんし,0987,887-00 887-01 889-23 889-24 889-25 889-31 889-32
45,小林市,こばやしし,0984,886-00 886-01 886-02
45,日向市,ひゅうがし,0982,883-00 883-01 883-02 889-11
45,串間市,くしまし,0987,888-00 888-02 889-33 889-35
45,西都市,さいとし,0983 0985,880-03 881-00 881-01 881-11 881-12
45,えびの市,えびのし,0984,889-41 889-42 889-43
45,北諸県郡三股町,きたもろかたぐんみまたちょう,0986,889-19
45,西諸県郡高原町,にしもろかたぐんたかはるちょう,0984,889-44
45,東諸県郡国富町,ひがしもろかたぐんくにとみちょう,0985,880-11 880-12
45,東諸県郡綾町,ひがしもろかたぐんあやちょう,0985,880-13 886-02
45,児湯郡高鍋町,こゆぐんたかなべちょう,0983,884-00
45,児湯郡新富町,こゆぐんしんとみちょう,0983,889-14
45,児湯郡西米良村,こゆぐんにしめらそん,0983,881-13 881-14
45,児湯郡木城町,こゆぐんきじょうちょう,0983 0982,884-01
45,児湯郡川南町,こゆぐんかわみなみちょう,0983,889-13
45,児湯郡都農町,こゆぐんつのちょう,0983,889-12
45,東臼杵郡門川町,ひがしうすきぐんかどがわちょう,0982,889-06
45,東臼杵郡諸塚村,ひがしうすきぐんもろつかそん,0982,883-13 883-14
45,東臼杵郡椎葉村,ひがしうすきぐんしいばそん,0982 0983,883-04 883-16
45,東臼杵郡美郷町,ひがしうすきぐんみさとちょう,0982,883-03 883-11 883-12 889-09
45,西臼杵郡高千穂町,にしうすきぐんたかちほちょう,0982,882-11 882-14 882-16
45,西臼杵郡日之影町,にしうすきぐんひのかげちょう,0982,882-03 882-04
45,西臼杵郡五ヶ瀬町,にしうすきぐんごかせちょう,0982,882-12
46,鹿児島市,かごしまし,099 0993,890-00 891-01 891-02 891-11 891-12 891-13 891-14 891-15 892-08 899-25 899-27 899-32
46,鹿屋市,かのやし,0994 099,891-23 893-00 893-01 893-02 893-11 893-16 899-85
46,枕崎市,まくらざきし,0993,898-00
46,阿久根市,あくねし,0996,899-11 899-16 899-17
46,出水市,いずみし,0996,899-01 899-02 899-03 899-04 899-05
46,指宿市,いぶすきし,0993,891-03 891-04 891-05 891-06
46,西之表市,にしのおもてし,0997,891-31 891-32 891-34
46,垂水市,たるみずし,0994,891-21 899-46
46,薩摩川内市,さつませんだいし,0996 09969,895-00 895-01 895-02 895-11 895-12 895-14 895-15 896-11 896-12 896-13 896-14 896-15 896-16 899-18 899-19
46,日置市,ひおきし,099,899-22 899-23 899-24 899-25 899-31 899-32 899-33
46,曽於市,そおし,0986 099,899-41 899-81 899-82 899-83 899-84 899-86
46,霧島市,きりしまし,0995,899-42 899-43 899-44 899-45 899-51 899-63 899-64 899-65 899-66
46,いちき串木野市,いちきくしきのし,0996,896-00 899-21
46,南さつま市,みなみさつまし,0993,897-00 897-11 897-12 897-13 898-01 898-02 899-34 899-35 899-36
46,志布志市,しぶしし,099,899-71 899-72 899-74 899-75 899-76 899-83
46,奄美市,あまみし,0997,894-00 894-01 894-03 894-05 894-06 894-07 894-11 894-12 894-13
46,南九州市,みなみきゅうしゅうし,0993,891-07 891-09 897-01 897-02 897-03
46,伊佐市,いさし,0995,895-24 895-25 895-26 895-27 895-28
46,姶良市,あいらし,0995,899-52 899-53 899-54 899-55 899-56
46,鹿児島郡三島村,かごしまぐんみしまむら,09913,890-00 890-09
46,鹿児島郡十島村,かごしまぐんとしまむら,09912,891-51 891-52 891-53
46,薩摩郡さつま町,さつまぐんさつまちょう,0996,895-17 895-18 895-21 895-22
46,出水郡長島町,いずみぐんながしまちょう,0996,899-12 899-13 899-14 899-15
46,姶良郡湧水町,あいらぐんゆうすいちょう,0995,899-61 899-62
46,曽於郡大崎町,そおぐんおおさきちょう,099,899-73 899-83
46,肝属郡東串良町,きもつきぐんひがしくしらちょう,0994,893-16
46,肝属郡錦江町,きもつきぐんきんこうちょう,0994,893-23 893-24
46,肝属郡南大隅町,きもつきぐんみなみおおすみちょう,0994,893-25 893-26
46,肝属郡肝付町,きもつきぐんきもつきちょう,0994,893-12 893-14 893-15
46,熊毛郡中種子町,くまげぐんなかたねちょう,0997,891-36
46,熊毛郡南種子町,くまげぐんみなみたねちょう,0997,891-37
46,熊毛郡屋久島町,くまげぐんやくしまちょう,0997,891-42 891-43 891-44
46,大島郡大和村,おおしまぐんやまとそん,0997,894-31 894-32
46,大島郡宇検村,おおしまぐんうけんそん,0997,894-33 894-34 894-35 894-36
46,大島郡瀬戸内町,おおしまぐんせとうちちょう,0997,894-15 894-17 894-18 894-21 894-22 894-23 894-24 894-25 894-26
46,大島郡龍郷町,おおしまぐんたつごうちょう,0997,894-01 894-03 894-04
46,大島郡喜界町,おおしまぐんきかいちょう,0997,891-61 891-62
46,大島郡徳之島町,おおしまぐんとくのしまちょう,0997,891-71 891-74
46,大島郡天城町,おおしまぐんあまぎちょう,0997,891-76 891-77
46,大島郡伊仙町,おおしまぐんいせんちょう,0997,891-81 891-82 891-83
46,大島郡和泊町,おおしまぐんわどまりちょう,0997,891-91
46,大島郡知名町,おおしまぐんちなちょう,0997,891-92
46,大島郡与論町,おおしまぐんよろんちょう,0997,891-93
47,那覇市,なはし,098,900-00 901-01 902-00 903-08
47,宜野湾市,ぎのわんし,098,901-22
47,石垣市,いしがきし,0980,907-00 907-02 907-03 907-04
47,浦添市,うらそえし,098,901-21
47,名護市,なごし,0980,905-00 905-11 905-16 905-21 905-22
47,糸満市,いとまんし,098,901-03
47,沖縄市,おきなわし,098,904-00 904-21
47,豊見城市,とみぐすくし,098,901-02
47,うるま市,うるまし,098,904-11 904-22 904-23 904-24
47,宮古島市,みやこじまし,0980,906-00 906-01 906-02 906-03 906-04 906-05
47,南城市,なんじょうし,098,901-06 901-12 901-14 901-15
47,国頭郡国頭村,くにがみぐんくにがみそん,0980,905-14 905-15
47,国頭郡大宜味村,くにがみぐんおおぎみそん,0980,905-13
47,国頭郡東村,くにがみぐんひがしそん,0980,905-12
47,国頭郡今帰仁村,くにがみぐんなきじんそん,0980,905-04
47,国頭郡本部町,くにがみぐんもとぶちょう,0980,905-02
47,国頭郡恩納村,くにがみぐんおんなそん,098,904-04
47,国頭郡宜野座村,くにがみぐんぎのざそん,098,904-13
47,国頭郡金武町,くにがみぐんきんちょう,098,904-12
47,国頭郡伊江村,くにがみぐんいえそん,0980,905-05
47,中頭郡読谷村,なかがみぐんよみたんそん,098,904-03
47,中頭郡嘉手納町,なかがみぐんかでなちょう,098,904-02
47,中頭郡北谷町,なかがみぐんちゃたんちょう,098,904-01
47,中頭郡北中城村,なかがみぐんきたなかぐすくそん,098,901-23
47,中頭郡中城村,なかがみぐんなかぐすくそん,098,901-24
47,中頭郡西原町,なかがみぐんにしはらちょう,098,903-01
47,島尻郡与那原町,しまじりぐんよなばるちょう,098,901-13
47,島尻郡南風原町,しまじりぐんはえばるちょう,098,901-11
47,島尻郡渡嘉敷村,しまじりぐんとかしきそん,098,901-35
47,島尻郡座間味村,しまじりぐんざまみそん,098,901-33 901-34
47,島尻郡粟国村,しまじりぐんあぐにそん,098,901-37
47,島尻郡渡名喜村,しまじりぐんとなきそん,098,901-36
47,島尻郡南大東村,しまじりぐんみなみだいとうそん,09802,901-38
47,島尻郡北大東村,しまじりぐんきただいとうそん,09802,901-39
47,島尻郡伊平屋村,しまじりぐんいへやそん,0980,905-07
47,島尻郡伊是名村,しまじりぐんいぜなそん,0980,905-06
47,島尻郡久米島町,しまじりぐんくめじまちょう,098,901-31
47,島尻郡八重瀬町,しまじりぐんやえせちょう,098,901-04 901-05
47,宮古郡多良間村,みやこぐんたらまそん,0980,906-06
47,八重山郡竹富町,やえやまぐんたけとみちょう,0980,907-00 907-11 907-12 907-13 907-14 907-15 907-17
47,八重山郡与那国町,やえやまぐんよなぐにちょう,0980,907-18
